user_id,gender,age,occupation,zip_code
1,M,35,17,49508
2,M,35,1,10918
3,M,25,20,14895
4,F,25,0,97401
5,M,35,12,75069
6,M,50,7,01915
7,F,45,2,97214
8,F,1,10,61665
9,M,1,10,89509
10,M,25,12,53707
11,F,25,3,50266
12,M,25,5,12308
13,M,35,2,92821
14,F,50,2,60657
15,M,1,10,95123
16,F,25,1,55104
17,M,50,1,91403
18,F,45,5,95136
19,F,45,1,32750
20,M,35,16,65270
21,F,45,7,21044
22,F,56,13,93448
23,M,1,10,58078
24,M,18,11,89170
25,F,45,1,92100
26,F,25,7,19806
27,M,18,10,98058
28,F,25,5,90262
29,F,25,0,07026
30,F,50,13,94702
31,M,56,20,87107
32,M,25,17,19801
33,M,35,16,99352
34,M,35,15,20723
35,M,45,3,90006
36,M,18,4,06430
37,F,25,3,94117
38,M,25,2,07026
39,F,25,12,94530
40,M,35,7,55901
41,F,56,16,94904
42,M,18,17,10804
43,M,25,7,92130
44,F,18,1,94578
45,M,18,4,90601
46,F,25,0,53713
47,M,50,16,91360
48,M,56,13,33445
49,M,25,4,91911
50,F,35,15,53704
51,M,25,0,90046
52,M,18,4,97215
53,M,50,7,94404
54,M,35,1,08107
55,M,25,17,94089
56,M,18,3,98122
57,M,18,4,85035
58,M,45,14,22901
59,M,25,14,98101
60,M,35,16,10472
61,M,18,4,48197
62,F,25,1,95336
63,M,18,4,01375
64,F,1,10,53704
65,M,35,17,55934
66,M,25,4,08540
67,M,35,0,28209
68,M,1,10,08872
69,M,18,14,94070
70,M,25,12,21401
71,F,35,3,11229
72,M,18,4,97215
73,M,56,6,91011
74,M,35,1,94549
75,F,18,14,49505
76,F,1,10,495321
77,M,25,14,48103
78,F,50,6,97005
79,M,50,3,89102
80,M,18,2,21222
81,M,35,3,98037
82,M,35,12,94520
83,M,35,16,54729
84,M,18,2,12345
85,M,35,2,98055
86,F,25,4,91106
87,M,25,2,98109
88,M,35,12,10128
89,M,18,4,80521
90,F,25,3,17522
91,M,35,20,17112
92,M,18,4,94704
93,M,35,20,90012
94,F,56,13,90732
95,M,25,14,19444
96,M,18,4,93117
97,F,45,0,92126
98,M,25,2,98074
99,M,25,1,95472
100,M,1,0,08055
101,F,25,0,80027
102,F,18,4,95132
103,F,45,0,94115
104,M,35,16,95405
105,M,50,16,92612-3417
106,M,35,12,75063
107,M,50,16,93003
108,M,18,4,29201
109,M,25,5,97007
110,M,1,14,19147
111,M,56,20,95420
112,M,18,4,94118
113,M,25,17,11106
114,M,25,7,90248
115,M,25,14,06511
116,M,25,4,98115
117,F,25,2,75075
118,F,18,0,91030
119,F,45,1,90601
120,M,1,10,92620
121,F,50,2,94501
122,M,25,20,91367
123,M,35,17,77096
124,M,25,7,94132
125,M,18,4,54481
126,M,25,12,07054
127,F,25,9,80538
128,M,25,16,90638
129,M,35,7,07644
130,M,25,7,94538
131,F,35,2,60201
132,M,50,7,90505
133,M,18,4,06511
134,M,25,12,98102
135,F,25,14,60657
136,M,25,17,38104
137,M,18,0,77341
138,M,25,17,94108
139,M,50,5,80220
140,M,18,4,02139
141,M,1,10,19343
142,M,25,17,98115
143,M,25,11,75801
144,M,18,4,12188
145,M,25,12,92688
146,M,18,19,22030
147,M,25,7,08550
148,M,35,17,95476
149,F,1,10,94539
150,M,1,0,11803
151,F,25,1,48067
152,M,35,12,08902
153,M,25,20,11102
154,F,35,16,95003
155,M,18,4,97215
156,M,25,16,48324
157,F,25,12,53154
158,M,18,0,10002
159,M,25,2,95831
160,M,18,4,38120
161,M,25,17,94506
162,F,25,7,08902
163,M,35,20,10025
164,M,25,17,95209
165,M,18,4,06459
166,F,25,16,94706
167,M,56,17,80538
168,M,18,10,78230
169,M,25,15,94903
170,M,18,4,97266
171,M,25,4,53711
172,M,45,17,60462
173,M,18,14,43613
174,M,45,1,71711
175,M,50,12,12184
176,F,18,20,90036
177,F,35,3,83001
178,M,18,20,02446
179,M,25,3,22601
180,M,25,3,02359
181,M,45,0,97214
182,M,56,17,23464-3016
183,M,18,17,12054
184,M,25,11,10549
185,M,25,12,63146
186,M,25,20,20009
187,M,25,4,22903
188,M,56,13,02115
189,M,35,1,53703
190,M,35,6,20901
191,M,18,4,11580
192,M,25,11,20008
193,M,45,20,10021
194,F,25,15,64116
195,F,35,12,17013
196,F,18,0,20008
197,M,18,4,48073
198,M,18,6,60611
199,M,35,8,10014
200,F,25,3,85226
201,F,18,4,11214
202,M,18,20,43611
203,F,1,10,87123
204,M,50,1,01096
205,M,45,17,78731
206,M,35,16,77550
207,M,25,12,06511
208,F,1,10,94086
209,F,56,13,07701
210,M,18,17,75093
211,M,25,20,98033
212,F,25,3,02155
213,M,1,0,77479
214,M,25,6,81007
215,F,50,7,94949
216,F,45,9,85202
217,M,56,0,72227-5733
218,M,18,4,22201
219,M,25,0,60201
220,F,18,4,76201
221,F,18,4,10003
222,M,18,0,10705
223,M,35,6,94115
224,M,25,19,45701
225,M,56,20,92315
226,M,45,7,77351
227,F,25,3,30308
228,M,25,11,22043
229,M,25,0,95136
230,M,35,1,95003
231,M,50,7,26501
232,M,35,7,50111
233,M,25,16,78411
234,F,35,20,10013
235,M,35,1,92683-1892
236,F,18,5,48108
237,M,25,12,10002
238,M,35,13,76548
239,M,25,0,92646
240,M,35,7,08234
241,M,25,12,83001
242,F,25,7,10562
243,F,25,0,13326
244,M,25,11,50111
245,F,18,0,28270
246,F,35,3,55405
247,M,45,1,02135
248,M,25,11,75230
249,F,35,9,06830
250,M,25,11,55555
251,M,25,0,03867
252,M,25,17,11354
253,M,18,20,61801
254,M,35,0,90027
255,F,45,7,10022
256,M,25,0,16101
257,M,25,12,44060
258,M,50,0,44139
259,M,50,3,48843
260,M,25,20,48009
261,M,25,4,11423
262,M,18,4,53715
263,M,50,15,07746
264,M,25,0,06810
265,M,45,0,04330
266,M,18,4,10010
267,M,18,17,91505
268,M,18,20,90028
269,M,18,4,10003
270,M,45,17,91355
271,F,50,0,94514
272,M,25,16,94120
273,F,45,7,99701
274,F,56,0,38340
275,M,25,0,97212
276,F,25,19,60612
277,M,56,0,90049
278,F,18,17,95405
279,M,25,17,95405
280,M,35,17,95610
281,M,25,0,95819
282,M,50,13,62002
283,M,45,2,90813
284,M,18,12,90210
285,F,18,9,62225
286,M,25,20,90046
287,M,18,18,98118
288,M,50,14,85202
289,M,18,19,98034
290,M,25,19,94607
291,M,25,12,94520
292,M,25,16,98208
293,M,18,0,94044
294,F,45,0,94114
295,M,18,4,94507
296,M,25,17,94122
297,F,45,0,10022
298,F,35,6,94214
299,F,18,9,99703
300,F,25,2,94577
301,M,35,7,80526
302,M,25,12,94121
303,M,18,4,77845
304,F,18,4,76707
305,M,45,17,87505
306,M,25,14,15241
307,M,50,16,98516
308,M,35,2,95602
309,F,25,17,75006
310,F,56,13,95320
311,M,35,0,98368
312,M,25,17,93933
313,M,1,10,98043-3621
314,M,35,2,95816
315,F,25,6,97116
316,M,18,4,91301
317,M,18,14,97123
318,F,18,17,97070
319,M,25,12,98052
320,M,25,20,95380
321,M,18,4,78705
322,M,25,2,98102
323,F,25,7,98109
324,M,18,3,85226
325,M,35,12,95833
326,M,35,12,94062
327,M,25,3,85013
328,F,18,4,34243
329,M,35,5,98465
330,M,35,16,98029
331,F,25,17,85301
332,M,35,20,97333
333,M,25,12,98684
334,M,25,12,98116
335,M,25,1,97206
336,M,35,7,95765
337,F,18,4,98052
338,M,35,2,97214
339,F,25,19,98102
340,M,25,20,98119
341,F,25,4,97233
342,M,18,10,97303
343,M,18,15,77047
344,M,25,4,98926
345,F,18,4,85033
346,M,25,20,19134
347,M,50,1,95070
348,M,25,0,64106
349,M,25,0,73147
350,M,18,0,94530
351,F,18,4,30134
352,M,25,0,73003
353,M,25,0,47421
354,M,25,17,43212
355,M,25,16,53406
356,M,25,0,43229
357,F,50,6,30307
358,M,18,4,43235
359,M,18,16,60523
360,M,18,4,94720
361,M,18,19,70043
362,M,35,0,72058
363,M,35,17,60103
364,M,18,4,00961
365,M,18,19,67218
366,M,25,2,60160
367,M,35,16,50317
368,M,18,4,11710-1641
369,M,25,7,53715
370,F,18,4,60137
371,F,18,0,91601
372,M,18,4,13655
373,M,18,14,43725
374,M,45,17,94602
375,M,18,20,30605
376,M,56,8,00606
377,M,35,20,46614
378,M,35,16,30034
379,M,56,16,77079
380,M,56,1,96153
381,M,35,7,91107
382,M,25,15,08109
383,M,35,17,77566
384,M,35,12,50325
385,M,45,0,94114
386,M,25,4,33157
387,M,25,0,90638
388,M,50,1,04240
389,M,25,2,10040
390,M,50,5,10128
391,M,35,20,77024
392,M,25,3,96813
393,M,35,6,90803
394,M,18,19,27028
395,F,18,4,77005
396,F,25,1,75149
397,M,25,4,75206
398,F,25,0,33067-1400
399,M,25,16,22112
400,F,25,3,90016
401,M,35,0,72058
402,M,25,14,75230
403,M,35,7,76248
404,M,18,0,75149
405,M,18,4,13655
406,F,45,0,94566
407,M,25,20,75205
408,M,45,16,75067
409,M,25,17,75240
410,M,35,16,79605
411,M,25,17,75044
412,M,56,2,90680
413,M,18,4,07030
414,M,25,17,99003
415,M,25,4,70115
416,M,25,0,45801
417,M,25,20,17022
418,M,18,4,94704
419,M,18,1,78133
420,M,35,1,22181
421,F,35,0,08009
422,M,45,0,23454
423,M,18,4,10027
424,M,18,20,18104
425,M,18,4,04901
426,M,45,1,85721
427,M,18,8,90210
428,M,45,2,19104
429,M,1,10,19116
430,M,25,0,19152
431,M,18,4,19146
432,F,25,2,53523
433,M,25,4,20008
434,M,25,11,20878
435,M,18,17,20724
436,M,50,11,20852
437,M,35,7,52003
438,M,45,11,22204
439,M,35,11,70118
440,M,18,4,70118
441,F,25,6,54729
442,M,18,4,22903
443,M,25,2,50021
444,M,25,7,22314
445,M,18,4,22401
446,M,18,4,22032
447,M,18,17,20742
448,F,18,4,22031
449,F,25,14,12189
450,M,50,13,90210
451,M,56,2,08825
452,F,25,12,48103
453,F,35,6,90035
454,M,50,7,10014
455,M,1,1,30707
456,F,35,9,56007
457,M,35,1,53706
458,M,1,8,02254
459,F,35,12,45249
460,M,25,20,50265
461,M,25,20,43315
462,F,25,0,53713
463,F,35,1,92801
464,F,18,4,43560
465,M,25,7,50310
466,M,45,11,49265
467,F,25,1,07721
468,M,18,4,07030
469,M,25,16,07302
470,M,18,4,12180
471,M,18,4,53190
472,F,18,4,14433
473,M,18,17,07030
474,M,35,5,10990
475,M,25,19,11501
476,M,25,0,10016
477,M,25,2,08817
478,M,35,7,10011
479,M,18,4,07940
480,M,25,12,11217
481,M,18,0,95037
482,M,18,4,53190
483,M,25,12,10014
484,F,18,4,53711
485,M,25,2,10002
486,M,45,12,95051
487,M,18,4,60047
488,M,35,5,10011
489,M,35,7,11747
490,M,18,5,12582
491,M,25,19,59602
492,M,25,12,10036
493,M,25,0,92346
494,M,18,4,93004
495,M,56,7,92065
496,M,1,10,92106
497,F,18,4,59715
498,F,25,4,66049
499,M,56,16,94591
500,M,50,16,92129
501,M,50,14,95129
502,M,18,4,90048
503,M,35,7,94306
504,F,18,1,94606
505,M,25,7,94043
506,M,50,7,95008
507,M,50,11,92346
508,M,45,14,95148
509,M,56,13,85248
510,F,45,1,46774
511,M,50,20,92106
512,M,35,7,02127
513,M,45,7,95076
514,M,35,12,94107
515,M,25,12,92024
516,M,1,10,92846
517,M,25,4,29732
518,M,35,0,91006
519,M,35,2,95008
520,M,35,16,92352
521,F,50,0,94521
522,M,45,20,93108
523,M,50,17,94611
524,M,25,12,94086
525,M,56,15,92119
526,M,35,12,95124
527,M,18,14,80023
528,M,50,6,94702
529,M,45,1,91335
530,M,25,20,90066
531,F,35,0,90024
532,F,35,7,94602
533,M,35,14,89119
534,M,56,13,92115
535,F,50,2,94530
536,M,25,12,91101
537,F,45,6,02135
538,M,56,12,94109
539,M,50,7,94024
540,M,25,19,93536
541,M,35,0,90401
542,M,18,1,30115
543,F,35,20,94118
544,F,25,5,91311
545,M,35,17,94804
546,M,56,13,95129
547,M,18,4,89146
548,M,1,10,94707
549,F,18,4,92805
550,M,25,4,91325
551,M,25,17,95126
552,F,35,14,95051
553,M,50,13,01938
554,M,45,7,90405
555,M,18,10,92704
556,F,45,6,95209
557,M,1,0,94525
558,F,35,7,80122
559,M,56,12,92780
560,F,25,7,94303
561,M,35,7,90026
562,F,56,6,90630
563,M,50,7,92886
564,F,1,0,95404
565,M,35,7,94806
566,M,1,10,94501
567,F,1,10,91107
568,M,25,15,94550
569,M,25,2,94114
570,M,25,7,94114
571,M,18,19,94703
572,M,25,17,95014
573,M,1,10,90405
574,M,35,0,90026
575,M,25,11,92335
576,F,25,2,91351
577,F,35,2,94930
578,M,25,12,95158
579,M,35,17,94550
580,M,35,5,04901
581,M,18,4,91501
582,F,18,4,93107
583,M,25,20,92866
584,M,25,14,94110
585,M,25,7,94041
586,M,1,10,93111
587,M,18,17,92595
588,M,25,12,49024
589,F,18,4,90630
590,M,35,1,91030
591,F,25,2,94566
592,M,25,16,91402
593,M,1,19,03109
594,M,35,0,44280
595,F,18,4,23185
596,F,25,1,17055
597,F,50,13,53092
598,M,45,7,55555
599,F,50,3,91911
600,F,18,1,60914
601,F,50,9,91941
602,F,25,6,89523
603,M,56,17,48304
604,M,25,20,93637
605,M,50,7,92116
606,M,25,11,85258
607,F,25,3,92116
608,M,50,13,89052
609,F,25,14,80230
610,M,45,17,92111
611,M,25,1,22903
612,M,35,17,12159
613,M,18,4,97361
614,M,35,5,58703
615,M,56,6,02726
616,M,1,10,43357
617,M,56,17,49506
618,M,35,7,06460
619,M,56,1,80303
620,M,1,10,80540
621,M,25,14,92109
622,M,18,10,92130
623,M,45,12,92122
624,M,50,13,91977
625,M,25,17,62629
626,F,25,1,85224
627,M,50,6,02090
628,M,25,7,85257
629,M,25,20,48309
630,M,18,4,85259
631,M,35,17,99508
632,M,35,2,89012
633,M,25,1,85364
634,M,35,0,85621
635,M,25,0,84108
636,F,50,9,24018
637,F,35,3,02113
638,M,18,4,44685
639,M,50,1,48197
640,F,56,13,02136-1522
641,M,1,10,80014
642,M,45,19,53572
643,M,18,4,58601
644,M,35,0,66048
645,M,50,16,80442
646,M,25,3,48220
647,F,35,7,60625
648,M,18,4,81520
649,F,35,3,01545
650,M,25,4,49456
651,M,45,0,60543
652,M,18,4,53233
653,M,18,4,01003
654,F,56,2,20783
655,M,25,17,35808
656,M,35,16,46214
657,M,50,1,27705
658,M,25,7,45011
659,M,25,0,61364
660,M,25,7,60137
661,M,18,4,56001
662,M,1,19,06614
663,M,56,13,03440
664,M,50,16,49277
665,F,25,9,48021
666,M,45,6,44131
667,F,25,12,10011
668,M,25,4,77345
669,M,35,20,60640
670,M,50,14,44614
671,F,45,20,91436
672,F,45,2,01851
673,F,18,0,45212
674,F,25,14,90046
675,M,56,14,02468
676,F,45,1,33301
677,M,50,16,60060
678,F,25,7,02494
679,F,25,20,24015
680,M,1,10,79358
681,M,25,14,37931
682,F,45,0,49408
683,F,1,0,24179
684,M,35,1,91711
685,M,1,10,06437
686,M,50,6,49456
687,F,50,0,13210
688,F,35,3,99504
689,M,35,7,93906
690,M,1,10,46033
691,M,45,11,06416
692,M,25,12,03110
693,M,50,11,49008
694,M,25,4,56301
695,M,35,1,49417
696,F,56,1,06437
697,M,35,0,44130
698,M,1,1,48304
699,M,56,1,44107
700,M,18,4,44646
701,M,25,4,43138
702,M,35,1,01020
703,M,25,6,46807
704,F,25,6,53202
705,M,50,16,06430
706,F,35,12,43528
707,M,56,15,79068
708,F,35,6,13210
709,M,45,7,01605
710,F,50,12,21133
711,F,18,4,13148
712,M,18,4,48197
713,F,25,4,13210
714,M,18,4,13165
715,M,18,0,55112
716,M,18,4,13323
717,M,1,10,45241
718,M,25,11,37931
719,M,18,17,49445
720,M,1,19,48323
721,M,18,4,64920
722,M,18,4,23186
723,M,18,0,06360
724,M,35,14,48328
725,M,25,0,37923-3112
726,M,50,7,60618
727,M,35,17,17601
728,M,35,17,48313
729,F,35,20,48044
730,M,56,1,49006
731,M,18,0,48322
732,M,35,2,60061
733,M,56,13,58504
734,F,25,17,33990
735,M,18,5,48504
736,M,35,20,48067
737,F,18,0,48823
738,F,25,0,24017
739,M,25,16,48309
740,M,25,11,48825
741,M,35,12,03062
742,M,45,15,60035
743,M,25,1,24060
744,F,18,20,495321
745,M,25,1,24060
746,M,1,10,60462
747,M,25,16,13090
748,M,50,11,46802
749,M,56,13,32806
750,F,45,12,23116
751,M,25,6,04456
752,M,18,18,21740
753,M,35,17,01519
754,M,18,4,49546
755,M,56,13,49307
756,M,25,14,02148
757,M,35,4,10036
758,M,1,0,02780
759,M,56,13,02356
760,M,35,12,61614
761,F,35,0,13064
762,M,25,0,12306
763,M,35,3,46033
764,M,56,14,02632
765,M,18,4,12309
766,F,45,1,46737
767,M,25,5,04103
768,M,45,0,03060
769,M,25,0,01701
770,M,56,14,02632
771,F,1,10,01607
772,M,18,10,02780
773,M,50,1,01778
774,M,35,18,13027
775,F,1,10,00681
776,F,18,4,88119
777,F,50,3,33615
778,M,45,14,46804
779,F,50,16,48706
780,F,45,14,46804
781,M,18,4,32607
782,M,18,0,46517
783,M,18,10,32750
784,M,18,2,96002
785,F,18,0,60641
786,F,18,0,81301
787,M,25,0,60089
788,F,18,4,22904
789,M,56,13,33316
790,M,18,4,22807
791,M,18,16,97405
792,M,25,12,68508
793,F,1,10,50246
794,M,18,19,55912
795,F,18,3,45244
796,M,25,12,60618
797,F,50,14,60618
798,F,18,19,46556
799,F,35,2,95521
800,F,1,10,35810
801,M,18,0,87122
802,M,35,0,95826
803,M,25,7,32836
804,M,1,10,99203
805,F,25,6,95833
806,M,1,10,60202
807,M,1,0,95451
808,F,50,16,99114
809,M,35,0,48103
810,M,18,20,60641
811,M,50,13,87502
812,M,50,12,87505
813,M,25,4,99217
814,M,1,19,73505
815,F,35,20,95451
816,M,45,14,85251
817,F,25,0,28304
818,M,25,12,27713-9225
819,M,25,0,45245
820,F,25,4,60443
821,F,56,1,11795
822,M,18,4,45403
823,M,45,17,27502
824,M,18,5,41018
825,M,45,16,60126
826,F,18,19,60641
827,M,1,10,60148
828,F,25,15,27603
829,M,18,4,45231
830,F,25,0,27713
831,M,1,10,41011
832,M,25,17,45233
833,M,1,10,60148
834,M,25,12,45140
835,F,25,1,27515
836,F,35,9,46815
837,M,1,10,60613
838,M,35,1,60016
839,M,56,20,46804
840,F,1,10,11743
841,M,45,12,53718
842,M,56,3,94941
843,F,25,7,10016
844,M,45,7,11201
845,M,18,4,07508
846,M,25,0,10006
847,M,35,7,10011
848,M,45,17,88005-4313
849,M,45,6,01950
850,M,18,4,80521
851,F,25,0,60622
852,F,25,1,46807
853,F,25,0,93940
854,F,25,20,60612
855,M,1,10,44906
856,M,35,17,64153
857,M,25,6,60060
858,F,50,3,95451-9554
859,M,56,17,94931
860,F,45,1,13088
861,M,25,2,60123
862,M,25,12,60025
863,M,25,5,96815
864,F,25,7,27514
865,M,50,14,60016
866,M,25,12,60025
867,M,45,0,61821
868,F,45,1,60302
869,M,50,11,85726
870,M,25,14,60061
871,F,35,3,60187
872,M,56,1,85718
873,M,1,10,46324
874,M,1,10,96782
875,F,35,6,14905
876,F,25,4,32607
877,M,18,10,60148
878,M,45,12,64117
879,M,45,5,60647
880,M,18,4,60115
881,M,45,2,86701
882,M,1,10,60565
883,M,1,10,60007
884,M,25,0,60622
885,F,35,12,46755
886,M,25,5,60466
887,M,18,19,60010
888,M,35,14,60626
889,F,18,1,01562
890,F,50,0,46815
891,M,35,5,33317
892,F,35,6,44303
893,F,45,15,59840
894,F,18,4,59715
895,F,18,4,10033
896,F,56,16,70503
897,F,25,20,46835
898,M,25,5,33025
899,M,45,17,48116
900,M,25,6,70508
901,F,45,7,37877
902,M,56,13,60506
903,F,50,2,48118
904,F,56,13,37774
905,F,35,1,46774
906,F,45,0,11217
907,M,18,1,14620
908,M,50,14,13210
909,M,25,0,71731
910,M,25,6,23235
911,M,18,2,31401
912,M,56,7,39211
913,M,56,13,44143
914,F,45,9,13035
915,M,50,17,01536
916,M,50,7,08816
917,M,56,6,74105
918,M,45,11,48104
919,M,50,2,32117
920,M,35,18,44708
921,M,25,20,90024
922,F,1,10,13090
923,M,35,17,82604
924,M,56,0,06082
925,M,1,10,13066
926,F,50,1,52002
927,M,25,0,61021
928,M,45,1,13214
929,M,50,15,13039
930,F,56,3,48130
931,M,56,13,48108
932,M,45,11,72316
933,F,25,6,22923
934,M,56,13,52003
935,M,35,17,77584
936,F,18,10,13090
937,M,56,13,49423
938,F,25,12,02478
939,M,50,12,48104
940,M,50,17,08055
941,M,45,12,94103
942,M,50,20,48104
943,F,18,4,02138
944,M,25,17,02140
945,F,45,16,48103
946,F,45,0,08901
947,M,45,12,48130
948,F,25,4,22902
949,M,45,0,13131
950,F,50,6,48103-4711
951,F,25,1,13210
952,M,56,7,48114
953,M,35,0,13207
954,F,45,9,57108
955,M,56,7,48114
956,M,35,7,48104
957,F,50,1,06043
958,M,25,7,30115
959,F,56,13,48105
960,M,35,3,13088
961,M,35,17,50321
962,F,18,4,27708
963,M,18,4,01040
964,M,18,10,48169
965,M,56,7,13212
966,F,56,15,97367
967,M,45,7,48103
968,M,56,1,48104
969,M,56,14,01545
970,M,50,6,13035
971,F,56,7,01562
972,M,50,17,48197
973,M,35,18,13146
974,M,35,17,49424
975,M,45,17,13152
976,F,56,3,52003
977,M,35,2,48104
978,M,56,1,13210
979,M,35,3,48107
980,F,45,1,01604
981,M,25,12,02139
982,M,35,16,98031
983,F,1,10,48105
984,M,35,1,48116
985,M,50,12,06082
986,M,25,8,50309
987,M,18,4,44312
988,F,25,0,11106
989,M,50,13,41076
990,F,35,9,61270
991,M,35,11,94306
992,F,45,9,13203
993,F,50,16,13207
994,F,35,14,13316
995,F,56,6,06074
996,M,56,13,13685
997,M,50,6,13210
998,M,56,7,49423
999,M,25,14,94110
1000,M,50,14,95823
1001,F,56,9,13078
1002,M,50,7,13203
1003,F,45,16,01532
1004,F,25,9,49424
1005,F,56,13,13057
1006,M,35,14,06040
1007,M,50,1,13215
1008,F,35,7,06082
1009,F,45,7,01602
1010,M,45,7,94109
1011,M,25,14,94404
1012,F,50,7,13027
1013,M,25,1,13210
1014,M,35,0,06108
1015,M,25,3,75150
1016,M,18,18,13045
1017,M,25,4,22903
1018,F,35,9,13066
1019,M,50,13,59715
1020,F,25,14,95125
1021,M,35,17,62034
1022,F,45,2,01545
1023,F,25,0,06040
1024,M,25,17,32224
1025,M,56,5,06082
1026,M,25,16,37922
1027,F,25,6,33076
1028,M,50,18,13126
1029,F,56,3,06040
1030,M,56,13,13123
1031,M,35,6,37923
1032,M,35,7,08021
1033,F,18,0,22102
1034,F,35,11,43201
1035,M,25,0,98122
1036,M,35,17,11355
1037,F,25,16,95687
1038,M,25,4,22901
1039,M,45,17,32024
1040,M,18,4,37743
1041,M,18,7,64055
1042,M,50,8,78065
1043,F,56,12,01520
1044,M,35,16,11358
1045,F,45,1,01609
1046,F,35,9,06074
1047,M,56,7,06071
1048,F,35,14,01536
1049,M,56,13,01501
1050,F,56,7,06118
1051,M,25,1,49503
1052,M,25,7,22407
1053,M,45,7,01531
1054,M,45,1,53045
1055,F,1,10,06074
1056,M,25,0,06096
1057,M,50,7,37938
1058,M,35,7,44306
1059,F,50,9,02865
1060,F,45,9,01520
1061,M,25,17,95035
1062,F,35,14,45243
1063,M,56,0,01606
1064,F,25,14,94010
1065,M,45,17,45255
1066,M,25,2,22903
1067,M,25,4,22902
1068,F,25,4,22903
1069,M,25,4,22903
1070,M,25,4,22903
1071,M,25,4,22901
1072,M,25,4,22903
1073,M,25,7,22902
1074,M,25,4,22923
1075,M,35,1,22903
1076,M,45,17,48105
1077,M,50,17,01430
1078,F,45,6,42406
1079,M,35,17,36830
1080,F,35,0,49464
1081,F,45,4,42420
1082,M,25,0,48104
1083,M,18,7,10038
1084,M,25,14,03051
1085,M,35,6,37932
1086,M,56,13,37922
1087,M,45,16,01612
1088,M,45,12,37853
1089,M,45,7,01545
1090,M,25,7,55429
1091,M,18,0,97005
1092,M,35,7,48197
1093,M,25,5,48103
1094,M,25,0,60656
1095,M,25,7,85040
1096,M,50,7,44313
1097,F,50,1,36067
1098,M,18,4,98117
1099,M,35,1,44303
1100,M,25,7,33916
1101,F,18,4,44106
1102,M,50,6,44333
1103,M,25,15,94303
1104,M,1,10,44224
1105,M,50,1,44240
1106,M,25,4,90048
1107,M,35,18,52001
1108,M,50,13,98683
1109,M,25,18,37922
1110,M,25,12,98105
1111,M,25,12,83815
1112,F,25,18,98115
1113,M,50,12,78703
1114,M,45,0,42420
1115,M,50,1,37922
1116,F,25,1,23454
1117,F,18,20,94410
1118,M,35,14,03054
1119,F,50,3,37772
1120,M,56,13,90503
1121,M,45,5,31901
1122,M,35,14,95746
1123,M,18,12,98105
1124,M,45,7,55438
1125,F,45,2,31804
1126,F,35,9,37843
1127,M,25,12,94703
1128,M,35,7,22904
1129,F,45,2,37924
1130,M,45,2,90631
1131,M,18,4,52003
1132,F,18,4,56401
1133,M,50,1,37932
1134,F,50,14,37922
1135,M,56,18,70817
1136,M,50,0,36109
1137,M,56,1,29672
1138,M,25,15,37923
1139,M,56,13,49423
1140,M,35,17,19360
1141,M,25,7,98115
1142,M,25,7,55405
1143,F,25,14,98225
1144,M,25,4,94107
1145,F,35,3,77429
1146,M,25,5,36109
1147,M,25,7,37930
1148,M,25,7,15209
1149,F,45,14,36109
1150,M,56,1,37922
1151,M,56,14,37922
1152,M,45,12,37914
1153,F,45,6,37909
1154,F,35,9,53806
1155,M,25,7,11793
1156,F,45,2,14850
1157,F,56,2,95448
1158,M,35,17,49424
1159,M,18,11,60614
1160,M,25,17,49423
1161,F,56,9,38558
1162,F,35,1,37922
1163,M,56,13,37923
1164,M,35,15,36109
1165,M,56,0,37922
1166,F,35,9,95903
1167,M,18,0,42420
1168,F,45,7,52003
1169,F,56,13,37917
1170,F,25,3,49423
1171,F,50,6,37922
1172,F,56,2,03431
1173,M,56,13,37830
1174,M,35,11,37620
1175,M,56,13,37923
1176,M,35,7,32444
1177,F,45,6,42420
1178,F,35,5,49424
1179,F,45,13,37922
1180,F,35,0,42420
1181,M,45,1,52001
1182,M,56,13,37830
1183,F,56,13,37931
1184,F,35,0,37920
1185,F,35,6,37919
1186,M,56,13,37938
1187,M,50,7,37931
1188,M,25,12,98133
1189,F,25,9,29369
1190,M,25,7,29369
1191,M,25,1,97405
1192,M,56,7,10522
1193,M,25,4,02430
1194,F,18,19,02452
1195,M,56,17,53061
1196,M,18,10,53207
1197,F,45,6,84318
1198,M,25,15,06460
1199,M,18,0,98021
1200,M,45,13,53132
1201,F,35,20,43230
1202,M,35,5,34786
1203,M,35,17,94022
1204,M,25,0,06451
1205,M,25,17,31311
1206,M,45,0,45248
1207,F,56,14,95005
1208,M,35,17,20151
1209,M,35,14,75005
1210,M,45,16,94536
1211,M,50,6,06511
1212,M,35,7,76248
1213,M,18,17,97030
1214,M,25,7,77099
1215,M,50,7,94107
1216,M,35,15,91411
1217,F,45,1,12538
1218,M,25,11,60611
1219,F,25,1,97201
1220,M,35,7,19610
1221,F,56,1,94563
1222,M,45,15,64081-8102
1223,M,25,20,46802
1224,M,35,7,55124
1225,F,56,13,78737
1226,M,25,0,19004
1227,M,18,4,94044
1228,M,18,1,50310
1229,M,50,7,80004-4448
1230,M,56,16,95816
1231,M,35,7,31047
1232,M,18,4,15213
1233,M,50,7,48152
1234,F,50,0,95616
1235,M,25,17,20866
1236,M,25,12,53154
1237,M,25,14,19312
1238,M,35,16,27613
1239,M,45,12,92104
1240,M,25,17,19126
1241,M,25,0,45459
1242,M,35,7,75013
1243,M,50,7,34285
1244,F,56,0,48178
1245,F,25,1,10025
1246,F,50,12,55391
1247,M,45,7,48322
1248,M,25,3,07719
1249,F,45,3,94560
1250,M,35,1,92120
1251,M,25,7,15205
1252,M,25,7,21029
1253,M,35,7,02657
1254,F,45,15,60081
1255,F,18,4,53538
1256,M,35,12,95677
1257,M,18,4,47306
1258,M,18,0,46304
1259,F,35,6,27516
1260,M,56,1,30345
1261,F,35,0,44313
1262,M,35,7,61910
1263,M,56,1,04056
1264,M,25,1,06877
1265,F,25,2,11217
1266,M,25,11,15237
1267,F,18,5,78704
1268,F,50,1,14850
1269,M,56,0,43528
1270,F,35,9,07728
1271,M,56,1,15701
1272,M,35,0,06403
1273,M,18,12,78750
1274,F,35,20,44303
1275,M,25,14,06405
1276,F,25,6,80236
1277,M,35,12,78230
1278,M,25,6,19428
1279,M,25,0,33073
1280,M,45,17,99005
1281,M,18,15,45215
1282,M,25,7,60657
1283,M,45,17,18049
1284,F,35,11,15116
1285,M,25,17,27707
1286,M,25,16,80126
1287,M,45,7,75080
1288,M,56,14,11779
1289,M,35,20,84010
1290,M,25,7,94109
1291,F,35,9,48336
1292,M,35,7,66224
1293,M,56,13,32837
1294,F,1,10,47403
1295,M,25,7,60115
1296,M,35,14,01060
1297,M,56,17,28704
1298,M,56,13,19312
1299,M,25,17,02021
1300,F,25,4,02215
1301,M,35,7,52402
1302,M,35,11,98443
1303,M,45,16,63128
1304,F,35,6,08043
1305,F,25,4,94110
1306,M,45,0,24541
1307,M,35,6,94598
1308,F,35,12,54220
1309,M,35,7,04096
1310,M,35,7,77040
1311,M,25,4,94110
1312,M,35,18,98664
1313,M,56,20,78731
1314,F,35,7,66204
1315,M,25,6,49707
1316,F,18,4,02143
1317,M,25,12,01864
1318,F,25,4,48823
1319,M,18,4,43210
1320,M,35,7,60188
1321,F,18,0,19143
1322,M,45,7,02116
1323,M,25,0,85283
1324,M,1,10,08805
1325,M,25,17,54915
1326,M,25,12,27511
1327,M,25,7,24210
1328,M,18,4,06459
1329,F,18,4,14620
1330,M,56,13,72949
1331,M,18,4,90024
1332,M,35,11,46033
1333,M,25,7,24210
1334,F,50,17,87031
1335,F,25,2,10028
1336,F,56,13,74128
1337,M,25,7,30117
1338,M,45,1,60115
1339,M,45,6,65201
1340,M,35,11,52803
1341,M,56,13,72764
1342,M,25,1,27713
1343,F,25,1,27713
1344,M,56,13,24060
1345,M,25,7,44115
1346,F,25,0,60660
1347,M,35,17,94303
1348,F,25,4,01075
1349,F,18,19,33953
1350,M,25,7,96811
1351,M,18,4,96815
1352,F,50,4,96822
1353,F,50,4,96825
1354,M,25,4,96826
1355,F,25,4,96817
1356,M,25,12,98100
1357,M,35,0,20795
1358,M,45,14,19382
1359,M,35,7,22043
1360,F,25,9,28147
1361,F,45,2,27514
1362,M,35,7,30071
1363,M,45,11,02155
1364,M,25,11,60603
1365,M,35,12,27614
1366,M,50,7,17402
1367,M,35,11,48640
1368,M,35,7,11050
1369,M,45,17,92805
1370,M,45,17,94002
1371,F,18,4,02912
1372,M,25,7,22903
1373,M,45,12,80303
1374,M,25,3,50311
1375,F,50,2,22181
1376,F,35,7,92316
1377,M,45,17,22181
1378,M,25,14,60614
1379,M,25,17,36092
1380,M,25,14,72601
1381,M,18,17,53818
1382,F,35,1,30345
1383,M,50,14,50265-2850
1384,F,18,4,90025
1385,M,25,4,85719
1386,M,25,12,10025
1387,F,25,15,91360
1388,F,25,16,28120
1389,M,25,15,77006
1390,F,50,20,27516
1391,M,50,12,60148
1392,M,35,7,29631
1393,M,18,4,97331
1394,M,25,2,10023
1395,M,56,8,12436
1396,M,25,7,36102
1397,M,56,0,01886
1398,M,35,6,80917
1399,M,50,16,63131
1400,F,18,4,48104
1401,M,25,7,91403
1402,M,50,7,02420
1403,M,45,7,55016
1404,M,25,0,99163
1405,M,25,17,90210
1406,M,25,7,20170
1407,M,35,1,14260
1408,M,18,1,92037
1409,M,35,17,10025
1410,M,35,2,78766
1411,M,25,1,92103
1412,F,18,4,90038
1413,M,25,14,22205
1414,M,18,4,95326
1415,M,56,13,94025
1416,M,35,7,10040
1417,M,25,17,94133
1418,M,35,4,45205
1419,F,18,4,48858
1420,M,45,17,78750
1421,M,50,20,20007
1422,M,56,13,29928
1423,M,25,4,60201
1424,M,25,4,60614
1425,M,56,1,90049
1426,M,18,4,90025
1427,M,25,20,85013
1428,M,56,7,10023
1429,M,18,4,02452
1430,M,35,7,70116
1431,M,25,2,20036
1432,M,50,13,33710
1433,M,25,14,92104
1434,F,25,7,94043
1435,M,35,20,10038
1436,M,18,0,55404
1437,F,18,4,73070
1438,F,25,3,12866
1439,M,35,20,10036
1440,M,25,7,94022
1441,F,35,0,46234
1442,M,56,19,06040
1443,M,1,10,15208
1444,F,35,11,22043
1445,M,56,16,60610
1446,M,25,7,10016
1447,F,1,10,64093
1448,M,25,19,94122
1449,M,25,17,60607
1450,M,25,20,55406
1451,M,35,7,02127
1452,M,35,17,60477
1453,M,25,7,60015
1454,M,35,12,53130
1455,M,25,12,55106
1456,M,45,14,44122
1457,F,35,0,02138
1458,M,18,20,10036
1459,M,50,7,10003
1460,M,25,4,02452
1461,M,18,4,02111
1462,F,25,20,94014
1463,M,35,12,10011
1464,M,25,17,94063
1465,M,18,4,02454
1466,M,45,20,10013
1467,M,35,7,94506
1468,M,25,0,32225
1469,M,25,17,20036
1470,M,25,15,85003
1471,M,35,1,33304
1472,M,35,20,60622
1473,M,25,12,07974
1474,M,18,0,49506
1475,M,18,1,95864
1476,M,25,17,10003
1477,M,25,0,60660
1478,M,50,12,98056
1479,M,35,17,30145
1480,F,25,4,78705
1481,M,25,20,87103
1482,M,25,4,74074
1483,F,18,4,91604
1484,M,18,4,10027
1485,M,25,0,47401
1486,M,45,11,94114
1487,M,18,20,94608
1488,F,25,7,94107
1489,M,25,12,98037
1490,M,1,1,444555
1491,F,18,4,64151
1492,M,25,4,94102
1493,M,35,11,22030
1494,M,25,0,10469
1495,F,1,10,72601
1496,M,18,1,95814
1497,M,35,17,20009
1498,M,25,15,06510
1499,M,45,7,55066
1500,F,25,2,27705
1501,F,35,3,11725
1502,F,25,6,21014
1503,M,25,7,53717
1504,M,45,17,15204
1505,M,35,12,94025
1506,M,50,17,07650
1507,M,50,18,95472
1508,F,25,14,98110
1509,M,25,20,94014
1510,F,18,4,64093
1511,F,35,20,20036
1512,M,25,2,10013
1513,M,25,17,02149
1514,M,35,1,80687
1515,F,50,20,88005
1516,M,18,4,60062
1517,M,18,12,55405
1518,F,25,12,77019
1519,M,18,20,78759
1520,M,18,20,30101
1521,F,50,3,53222
1522,F,18,1,80302
1523,M,18,4,60073
1524,M,25,3,66205
1525,M,25,14,55438
1526,M,35,3,55104
1527,M,35,7,90069
1528,F,18,4,66044
1529,M,25,4,84064
1530,M,25,1,94025
1531,M,18,4,44130
1532,M,25,11,07039
1533,M,18,14,60073
1534,M,25,5,97405
1535,M,18,4,02453
1536,M,35,14,94133
1537,M,18,12,95120
1538,M,25,17,78749
1539,M,25,12,98007
1540,M,25,16,20850
1541,M,25,4,16802
1542,M,35,17,55407
1543,M,35,19,55421
1544,F,35,5,12345
1545,M,18,2,74403
1546,M,25,7,43228
1547,F,25,4,55455
1548,F,18,4,48104
1549,F,35,20,98119
1550,M,25,4,92614
1551,M,25,7,23423
1552,M,45,2,98011
1553,M,25,0,60201
1554,M,25,12,98112
1555,M,18,17,88076
1556,M,25,2,55116
1557,M,50,1,53221
1558,M,25,17,52402
1559,M,35,12,44256
1560,F,18,4,94121
1561,F,25,4,23454
1562,F,18,2,55118
1563,M,25,12,24060
1564,M,25,2,90068
1565,M,18,2,60614
1566,M,50,17,45420
1567,M,18,4,16803
1568,M,25,12,55346
1569,M,35,11,32082
1570,F,35,20,91324
1571,M,25,0,55126
1572,F,18,4,94122
1573,F,18,4,48103
1574,F,25,0,55345
1575,F,25,15,94901
1576,M,25,0,02143
1577,M,35,12,98033
1578,F,50,1,93103
1579,M,35,12,95864
1580,F,18,4,48104
1581,F,35,17,89507
1582,M,35,16,92630
1583,M,18,14,48185
1584,M,25,17,98033
1585,M,18,0,72761
1586,F,35,14,94303
1587,M,25,4,06511
1588,M,25,20,23225
1589,M,18,2,11435
1590,M,35,14,92025
1591,M,25,12,50265
1592,M,18,4,48104
1593,M,25,7,91911
1594,M,35,17,06074
1595,M,18,4,48104
1596,M,50,17,91977
1597,M,35,3,94109
1598,F,18,4,48104
1599,M,25,17,07030
1600,F,35,4,48103
1601,F,25,4,48104
1602,M,25,0,94110
1603,F,18,0,48104
1604,M,25,7,06851
1605,M,18,4,48104
1606,M,25,4,48104
1607,M,25,4,97330
1608,F,18,4,48108
1609,M,18,4,48105
1610,M,35,11,20879
1611,M,18,20,86001
1612,F,18,4,48104
1613,M,35,20,45236
1614,M,35,2,45243
1615,M,45,6,52556
1616,M,25,4,54902
1617,M,18,4,97850
1618,M,25,4,48105
1619,M,18,4,97333
1620,M,25,4,24060
1621,M,18,4,15213
1622,F,18,6,92122
1623,M,35,12,97330
1624,M,35,12,45243
1625,M,50,1,48105
1626,M,18,4,14853
1627,M,18,19,12133
1628,M,35,5,95008
1629,M,25,15,97333
1630,M,18,0,63011
1631,F,35,16,45238
1632,F,25,1,45241
1633,M,25,7,33813
1634,M,25,4,55408
1635,M,18,4,94704
1636,M,45,11,90028
1637,M,18,15,94606
1638,F,18,4,02138
1639,M,25,17,94133
1640,M,18,4,45750
1641,M,35,0,33174
1642,M,18,4,94403
1643,F,35,3,55112
1644,M,25,12,78759
1645,M,25,1,10003
1646,M,25,12,78660
1647,M,45,17,97124
1648,M,35,7,06430
1649,M,56,6,62707
1650,M,18,12,78759
1651,F,35,9,85255
1652,M,35,0,45242
1653,M,50,12,97330
1654,F,35,7,60302
1655,F,45,15,78750
1656,M,25,17,78730
1657,F,25,7,92108
1658,M,35,17,14302
1659,F,35,0,90004
1660,F,18,4,45750
1661,M,18,4,85719
1662,M,1,10,12701
1663,M,18,4,92037
1664,M,35,1,48103
1665,M,18,4,48135
1666,M,25,0,47303
1667,M,18,4,02906
1668,F,18,1,33143
1669,F,25,7,90230
1670,M,56,13,14843
1671,F,25,2,97333
1672,F,35,2,97401
1673,F,50,3,33611
1674,M,25,8,22046
1675,M,25,4,97333
1676,M,56,1,49042
1677,M,18,2,90069
1678,M,35,16,77301
1679,M,45,1,90631
1680,M,1,4,46311
1681,F,25,4,94117
1682,M,18,2,02066
1683,F,50,0,02421
1684,M,35,12,94025
1685,M,18,17,94063
1686,M,35,12,10036
1687,F,25,3,55102
1688,M,18,4,44056
1689,F,25,3,98501
1690,M,25,18,10309
1691,F,25,12,55438
1692,M,18,12,55123
1693,M,35,0,75023
1694,F,35,1,92705
1695,M,45,2,29440
1696,M,18,4,03106
1697,M,18,4,03106
1698,M,35,17,90026
1699,F,18,4,48135
1700,M,18,4,61801
1701,F,25,0,02148
1702,F,35,9,66204
1703,M,18,4,97470
1704,F,18,4,10708
1705,M,25,1,02115
1706,M,50,1,55126
1707,M,25,0,90028
1708,M,25,0,23451
1709,F,25,11,06107
1710,M,35,17,30024
1711,M,18,4,43202
1712,F,35,1,02155
1713,F,25,1,55410
1714,M,25,20,55410
1715,M,25,7,77252
1716,F,35,6,45459
1717,F,50,0,97403
1718,M,25,16,01581
1719,M,25,4,78703
1720,M,18,12,98105
1721,F,1,1,90802
1722,F,25,4,87110
1723,M,45,16,93448
1724,M,25,2,90004
1725,F,25,0,19107
1726,M,35,15,98108
1727,F,45,20,89134
1728,M,35,0,30030
1729,F,25,3,06810
1730,F,45,3,38028
1731,F,25,5,10021
1732,M,25,4,55112
1733,M,25,17,20910
1734,F,25,6,91423
1735,M,18,15,91101
1736,M,25,12,34170
1737,M,25,20,64112
1738,M,18,17,02118
1739,M,35,12,98166
1740,M,25,0,33142
1741,M,25,17,92656
1742,M,50,6,22039
1743,F,25,11,43201
1744,M,25,0,10002
1745,M,18,4,56520
1746,M,18,12,98133
1747,M,25,10,55414
1748,M,18,5,65211
1749,M,35,17,48323
1750,M,25,12,98034
1751,M,35,0,83704
1752,M,25,0,77025
1753,M,45,1,37027
1754,M,18,4,55414
1755,M,25,2,32118
1756,F,25,7,22209
1757,M,25,2,90401
1758,M,25,12,30337
1759,M,25,7,10025
1760,M,25,2,32118
1761,F,25,0,10003
1762,M,18,2,10012
1763,M,25,7,21117
1764,M,25,7,32835
1765,F,25,2,90036
1766,M,35,7,98467
1767,M,18,4,33720
1768,M,18,4,55455
1769,M,25,15,12345
1770,F,25,4,72801
1771,M,25,11,11217
1772,M,35,17,46229
1773,M,56,13,89128
1774,F,25,4,78728
1775,M,25,14,81679
1776,M,25,20,85719
1777,F,50,16,90272
1778,F,25,7,85260
1779,M,18,4,02138
1780,M,25,0,31605
1781,M,25,14,49355
1782,M,18,20,72837
1783,M,18,4,92602
1784,F,25,3,92831
1785,F,25,0,92870
1786,M,18,4,61801
1787,F,25,4,73160
1788,F,25,4,95616
1789,M,25,7,55112
1790,M,35,7,07663
1791,M,25,12,92880
1792,M,25,15,15217
1793,F,25,15,15213
1794,M,25,17,77521
1795,M,25,7,55408
1796,M,25,1,08854-3115
1797,M,18,15,95616
1798,M,18,12,55118
1799,M,35,7,60611
1800,M,18,4,32607
1801,M,25,2,77056
1802,F,35,5,94546
1803,M,50,0,23518
1804,M,25,0,08461
1805,F,50,3,10128
1806,M,18,12,55408
1807,M,25,12,55317
1808,F,18,14,10018
1809,M,35,16,10014
1810,M,25,17,95129
1811,F,25,6,94132
1812,F,35,5,44313
1813,F,18,20,02125
1814,M,25,14,07430
1815,M,25,12,07436
1816,M,25,12,12866
1817,M,50,7,60510
1818,F,25,18,21214
1819,M,18,7,55337
1820,M,50,1,92122
1821,M,35,12,32935
1822,M,56,13,55344
1823,M,25,16,90292
1824,M,1,17,97062
1825,M,25,12,27707
1826,M,18,4,02912
1827,M,25,0,92019
1828,M,25,15,92648
1829,M,18,4,80228
1830,F,18,4,45219
1831,F,18,14,94110
1832,M,25,12,94110
1833,M,18,0,57106
1834,F,25,1,98144
1835,M,45,7,35216
1836,F,18,4,24060
1837,M,35,0,90254
1838,M,45,16,80304
1839,F,35,16,80304
1840,M,18,20,44089
1841,M,35,7,60610
1842,M,25,14,30342
1843,M,25,0,21555
1844,F,45,0,02115
1845,M,50,16,20015
1846,F,25,17,11215
1847,F,25,1,83705
1848,F,56,7,10019
1849,F,50,13,55447
1850,M,35,1,54481
1851,F,35,0,92630
1852,M,56,6,48070
1853,F,18,4,54302
1854,M,35,7,54016
1855,M,25,0,19106
1856,M,35,7,10583
1857,M,25,20,10014
1858,F,25,14,93428
1859,M,18,0,15237
1860,M,35,4,10027
1861,F,25,14,60657
1862,M,25,14,05448
1863,F,56,1,93105
1864,M,35,16,92630
1865,M,25,7,55112
1866,M,35,12,92821
1867,M,50,2,60660
1868,F,1,0,90012
1869,M,18,4,87801
1870,M,18,15,87111
1871,M,35,7,05401
1872,M,35,7,10069
1873,F,25,12,07730
1874,M,18,4,55403
1875,F,50,0,20004
1876,M,50,13,94089
1877,M,25,12,98117
1878,F,18,4,92647
1879,M,18,2,08820
1880,F,35,1,85258
1881,M,35,15,92649
1882,F,25,7,94115
1883,F,25,4,92648
1884,M,25,4,90069
1885,M,35,17,15330
1886,M,50,0,76067
1887,F,35,4,26505
1888,F,35,6,95843
1889,F,25,15,91902
1890,M,25,15,92111
1891,M,25,14,94105
1892,M,45,6,02339
1893,F,18,4,95616
1894,M,25,4,44514
1895,M,45,20,87505
1896,M,25,14,55391
1897,M,50,11,66048
1898,F,25,1,94536
1899,M,25,15,53704
1900,F,25,4,95616
1901,M,25,4,78705
1902,M,25,12,04106
1903,F,18,20,45220
1904,M,18,11,45220
1905,F,35,0,92704
1906,M,35,0,08330
1907,M,35,7,11201
1908,M,25,20,02062
1909,M,35,7,10028
1910,M,25,20,55391
1911,M,25,17,94107
1912,M,35,7,10014
1913,M,45,15,92880
1914,M,25,7,33486
1915,M,25,17,79705
1916,M,45,3,20009
1917,M,35,16,66208
1918,M,25,6,48197
1919,M,25,4,44706
1920,F,35,7,80013
1921,M,56,13,27514-3540
1922,M,25,14,94133
1923,M,45,6,95695
1924,M,25,14,90292
1925,F,25,7,27516
1926,F,50,6,79410
1927,M,45,14,37343
1928,M,18,4,78749
1929,M,18,18,92123
1930,M,18,14,90292
1931,M,18,4,91325
1932,M,1,10,20876
1933,F,25,4,19119
1934,M,35,5,19119
1935,F,25,2,85719
1936,M,25,17,74074
1937,M,56,17,06405
1938,F,45,5,92649
1939,M,56,20,94708
1940,M,45,14,60045
1941,M,50,6,90640
1942,F,18,20,15701-1348
1943,M,25,17,20707
1944,M,45,14,12561
1945,M,25,4,90039
1946,F,18,4,90039
1947,M,35,20,90292
1948,M,25,7,06516
1949,M,25,12,78731
1950,M,1,19,92557
1951,M,25,4,78705
1952,M,56,13,30047
1953,F,56,13,92308
1954,M,25,1,56082
1955,M,35,1,95380
1956,F,18,4,68516
1957,M,35,14,11784
1958,M,35,17,48083
1959,F,35,14,39180
1960,M,45,7,64138
1961,M,18,12,91423
1962,M,56,19,91790-1161
1963,M,50,18,72601
1964,F,35,1,47933
1965,F,25,7,06854
1966,M,25,7,06854
1967,M,18,16,29404-2205
1968,M,35,0,09142
1969,M,25,0,10023
1970,M,35,17,93436
1971,M,25,4,97214
1972,M,45,16,08053
1973,M,25,17,44118
1974,M,45,16,48097
1975,M,25,20,91730
1976,F,25,5,92705
1977,F,18,4,79912
1978,M,35,0,08902
1979,M,25,7,18655
1980,M,35,7,54016
1981,F,35,7,91362
1982,M,45,16,94546
1983,F,18,4,92054
1984,F,18,0,20815
1985,F,18,5,92870
1986,M,35,0,30533
1987,M,35,17,92688
1988,M,25,7,18615
1989,M,25,1,400060
1990,M,35,7,95031
1991,M,25,18,64055
1992,F,25,1,91790
1993,M,25,20,22936
1994,F,25,0,92646
1995,M,25,4,91790
1996,F,25,0,90212
1997,F,35,9,04046
1998,M,56,13,17033
1999,M,50,17,23059
2000,M,35,14,08750
2001,M,50,16,10025
2002,M,25,14,55435
2003,M,45,18,14701
2004,M,18,4,92833
2005,M,25,2,55405
2006,M,56,13,55118
2007,M,18,16,94709
2008,M,35,5,64801
2009,M,25,4,89193
2010,M,35,16,10803
2011,M,25,17,03570
2012,M,18,4,48135
2013,M,35,1,20037
2014,M,50,0,20815
2015,M,25,0,96671
2016,F,1,10,55305
2017,M,56,16,03070
2018,M,35,7,91304
2019,F,25,9,32212
2020,M,18,4,55414
2021,M,18,1,94706
2022,F,25,1,92646
2023,M,18,0,13603
2024,F,45,20,02476
2025,M,18,4,48135
2026,M,50,6,08108
2027,M,35,12,60563
2028,M,35,7,90069
2029,M,25,7,02134
2030,M,25,12,15217
2031,M,25,5,55414
2032,M,18,20,30033
2033,M,25,4,14623
2034,M,25,14,08742
2035,M,35,7,76109
2036,M,35,20,30306
2037,M,35,5,48342
2038,M,25,8,95380
2039,M,35,14,92084
2040,F,25,7,85214
2041,F,45,5,60050
2042,M,25,17,14830
2043,M,25,4,48127
2044,M,35,1,20653
2045,M,18,4,02139
2046,M,25,18,85213
2047,F,25,17,92084
2048,M,25,17,75146
2049,M,35,7,80129
2050,M,25,12,20850
2051,F,18,2,14616
2052,F,18,3,22305
2053,M,45,1,16801
2054,F,25,7,48105
2055,M,45,7,94501
2056,M,25,5,43221
2057,M,25,7,84088
2058,M,25,6,92111
2059,M,18,20,48135
2060,M,25,20,90046
2061,M,25,14,78267
2062,M,45,1,47933
2063,F,25,7,94602
2064,F,45,1,15208
2065,F,45,6,48867
2066,M,25,12,27410
2067,M,18,12,55113
2068,M,18,4,48867
2069,M,45,1,48867
2070,M,35,0,98503
2071,F,25,0,37203
2072,F,25,0,78735
2073,M,18,17,76116
2074,M,56,17,32822
2075,F,25,14,94109
2076,M,18,12,20878
2077,F,35,17,48219
2078,M,50,14,33401
2079,F,35,20,92009
2080,M,25,7,30620
2081,M,25,12,94131
2082,F,18,3,60640
2083,M,25,14,02142
2084,M,25,5,78251
2085,F,25,11,94117
2086,M,25,14,07702
2087,M,35,7,07981
2088,M,18,0,92122
2089,F,25,0,07701
2090,M,25,17,54401
2091,M,25,20,19083
2092,M,45,0,02131
2093,M,18,4,76266
2094,M,1,4,10012
2095,M,35,0,95409
2096,F,25,4,73160
2097,M,25,15,80301
2098,F,25,14,78251
2099,M,25,14,45383
2100,M,25,14,94306
2101,M,25,14,55421
2102,M,25,20,94546
2103,M,45,17,02176
2104,M,35,17,49887
2105,M,18,4,80302
2106,M,25,6,33156
2107,F,35,16,02472
2108,M,35,11,10538
2109,M,25,14,33133
2110,M,50,0,44126
2111,F,50,1,10024
2112,M,25,7,10019
2113,M,18,4,78626
2114,M,25,0,59405
2115,M,18,4,94122
2116,M,50,17,08043
2117,F,45,7,30260
2118,M,18,4,28403
2119,M,25,0,94121
2120,F,18,0,98225
2121,M,18,4,60611
2122,M,45,17,80228
2123,M,18,4,60201
2124,M,25,0,74136
2125,M,25,16,28542
2126,M,35,7,77005
2127,M,25,17,61350
2128,M,25,1,28607
2129,M,18,4,94608
2130,M,35,5,92867
2131,F,35,2,94109
2132,M,25,17,28052
2133,M,25,3,77006
2134,M,35,7,20650
2135,F,35,7,30309
2136,F,18,7,80503
2137,M,18,4,59715
2138,M,18,7,02215
2139,F,25,15,55455
2140,M,18,12,80503
2141,M,25,0,02472
2142,M,18,4,02151
2143,M,18,4,02115
2144,F,18,4,02142
2145,M,50,0,88004
2146,M,18,17,02140
2147,M,25,16,01890
2148,M,18,12,30318
2149,M,35,3,55042
2150,M,18,4,42101
2151,M,18,12,53713
2152,F,18,7,11215
2153,F,25,14,11215
2154,M,25,0,40515
2155,M,25,0,53213
2156,M,18,0,97469
2157,M,35,7,53404
2158,F,25,0,83355
2159,F,18,4,02142
2160,M,35,2,62263-3004
2161,M,25,0,53213
2162,M,35,5,41144
2163,F,45,1,97361
2164,M,25,0,77058
2165,F,25,11,55409
2166,F,35,14,10028
2167,M,25,2,55344
2168,M,35,17,68506
2169,M,45,18,77630
2170,M,18,4,57103
2171,M,1,10,97402
2172,M,35,0,40504
2173,F,25,4,77006
2174,M,18,17,57106
2175,M,25,3,02494
2176,M,25,15,14803
2177,M,25,17,60659
2178,F,25,4,92507
2179,M,35,12,92507
2180,M,25,20,41706
2181,M,35,16,94108
2182,M,45,7,92965
2183,F,35,7,60137
2184,M,25,5,55447
2185,F,56,0,98374
2186,F,35,2,02879
2187,M,35,16,61600
2188,M,25,15,15203
2189,M,56,7,55430
2190,M,25,17,03038
2191,M,18,5,48185
2192,M,18,17,66044
2193,M,18,4,11364
2194,F,25,6,74105
2195,M,35,14,63304
2196,F,25,6,32812
2197,M,25,2,33133
2198,M,25,11,02169
2199,M,25,18,53572
2200,M,45,0,53818
2201,M,25,14,54915
2202,M,25,0,98503
2203,F,18,2,48823
2204,M,35,12,19050
2205,M,18,4,10044
2206,M,35,11,04287
2207,M,1,10,48867
2208,F,35,6,33314
2209,M,25,18,54915
2210,M,50,7,68046
2211,F,56,0,00231
2212,M,50,3,96714
2213,M,18,0,32219
2214,F,18,3,32219
2215,M,18,1,57382
2216,F,35,0,52405
2217,F,25,9,41075
2218,M,18,0,76543
2219,M,35,20,60640
2220,M,35,20,60640
2221,M,35,3,93611
2222,M,25,2,90068
2223,F,45,0,80010
2224,F,18,15,02115
2225,M,35,6,96158
2226,F,56,2,99701
2227,F,25,9,53719
2228,M,1,0,02322
2229,M,25,0,85024
2230,F,35,4,19104
2231,M,25,17,55446
2232,M,56,1,90210
2233,M,25,16,97378
2234,M,35,20,94506
2235,F,35,3,95405
2236,M,25,12,55443
2237,F,35,7,78704
2238,F,1,10,02879
2239,M,18,12,60640
2240,F,25,15,02445
2241,M,35,17,32506
2242,F,35,9,02879
2243,F,25,17,48239
2244,M,18,6,30064
2245,M,25,2,84321
2246,M,25,14,29609
2247,M,25,0,37205
2248,M,25,0,45458
2249,M,25,17,76028
2250,M,45,0,33759
2251,M,35,7,49034
2252,M,56,17,22657
2253,M,50,16,97116
2254,M,25,7,94117
2255,M,18,4,33023
2256,M,18,1,02446
2257,M,35,11,43209
2258,M,25,12,60068
2259,M,18,10,48439
2260,M,25,17,75075
2261,F,35,1,85287
2262,M,25,7,78731
2263,F,50,7,10022
2264,M,18,4,77005
2265,M,18,4,77005
2266,M,50,11,33881
2267,M,35,18,60441
2268,M,50,1,88001
2269,M,50,1,60062
2270,M,25,0,06708
2271,M,25,6,94127
2272,M,25,2,90038
2273,M,18,4,78250
2274,M,35,7,02370
2275,M,25,0,92008
2276,F,25,7,98188
2277,M,25,17,22302
2278,F,25,11,53711
2279,M,35,17,97232
2280,M,35,20,98106
2281,M,25,7,80202
2282,M,18,4,85210
2283,F,25,0,94115
2284,M,25,0,60611
2285,M,25,14,98103
2286,M,25,12,94608
2287,M,18,15,96661
2288,M,25,17,94901
2289,F,25,7,94121
2290,F,45,5,34610
2291,M,18,17,95121
2292,F,25,7,07090
2293,M,18,4,29649
2294,M,35,7,15137
2295,M,35,12,08852
2296,M,35,16,08753
2297,F,35,9,17055
2298,F,35,1,94043
2299,M,25,0,95903
2300,M,45,0,68144
2301,F,1,10,10706
2302,F,45,7,33324
2303,M,25,14,60148
2304,M,45,14,55123
2305,M,25,4,98102
2306,M,35,5,08406
2307,M,25,2,10003
2308,M,25,20,29205
2309,M,35,7,06680
2310,F,35,12,48109
2311,F,25,12,06906
2312,M,25,0,06880
2313,M,25,4,68108
2314,F,25,1,94939
2315,M,25,7,29662
2316,F,50,1,10706
2317,M,25,2,30606
2318,M,25,17,83713
2319,M,25,5,55100
2320,M,25,7,48070
2321,F,50,1,62221
2322,M,18,6,21202
2323,M,25,0,80906
2324,M,18,0,63116
2325,M,25,7,21030
2326,M,35,17,89147
2327,M,25,15,94062
2328,M,25,12,28227
2329,M,25,2,98502
2330,M,35,7,19149
2331,M,25,15,68516
2332,M,25,7,53202
2333,F,56,3,30127
2334,M,25,14,10021
2335,M,35,1,92614
2336,M,35,15,53095
2337,M,18,12,97402
2338,F,35,0,04255
2339,M,45,7,30076
2340,M,25,12,46725
2341,F,18,0,34744
2342,M,56,7,30097
2343,M,25,12,89502
2344,M,1,10,02818
2345,M,35,0,32506
2346,M,25,17,60042
2347,F,25,7,22201
2348,M,25,17,92111
2349,M,18,5,55428
2350,M,18,12,36115
2351,M,35,17,94533
2352,M,50,17,07728
2353,M,25,1,39759
2354,M,45,7,43065
2355,M,25,15,94065
2356,M,25,18,80538
2357,M,25,14,53048
2358,M,35,6,77083
2359,M,18,4,32608
2360,M,25,17,92882
2361,M,35,7,74401
2362,M,18,4,07030
2363,M,18,4,20037
2364,M,25,1,48911
2365,M,25,17,67443
2366,M,25,17,60153
2367,M,18,4,02777
2368,M,18,4,77840
2369,M,25,0,10009
2370,M,35,1,44242
2371,M,25,14,37127
2372,M,45,7,01904-1355
2373,M,56,11,48070
2374,M,18,5,55116
2375,M,25,0,96818
2376,M,25,0,90266
2377,F,35,7,89128
2378,M,25,0,60645
2379,F,25,9,49442
2380,M,25,5,54703
2381,M,45,13,89109
2382,M,18,4,02026
2383,F,25,0,60664
2384,F,18,4,94116
2385,F,35,12,55555
2386,F,18,1,86314
2387,M,25,7,42518
2388,M,56,7,94612
2389,F,50,14,08810
2390,M,18,12,53188
2391,M,25,7,92612
2392,F,35,5,02021
2393,M,35,6,54751
2394,M,50,0,55128
2395,M,25,17,27613
2396,M,50,6,11746
2397,M,25,2,98502
2398,M,25,1,06111
2399,F,50,3,34744
2400,F,18,1,45458
2401,M,25,0,94305
2402,M,25,4,86314
2403,M,25,15,02446
2404,F,35,3,50322
2405,M,25,1,14982
2406,M,35,17,06074
2407,M,35,6,50265
2408,M,25,0,52556
2409,M,35,12,14619
2410,F,25,4,50265
2411,M,18,4,23112
2412,M,25,0,61832
2413,F,45,2,98383
2414,M,1,0,46979
2415,F,56,11,54401
2416,F,25,0,94602
2417,M,25,7,97267
2418,F,25,1,98027
2419,F,25,20,93401
2420,F,25,0,94115
2421,F,25,0,94703
2422,F,18,0,94587
2423,F,25,0,94110
2424,F,25,17,94618
2425,M,50,18,60516
2426,M,25,6,68108
2427,M,18,4,21093
2428,F,18,4,53211
2429,F,18,4,91405
2430,M,45,14,02021
2431,M,25,7,02420
2432,M,25,7,48326
2433,M,18,0,17844
2434,M,18,1,45458
2435,M,18,12,36115
2436,M,18,0,94520
2437,F,35,9,19006
2438,M,25,6,06511
2439,F,35,1,89031
2440,M,18,4,55104
2441,F,35,19,32095
2442,M,25,7,60010
2443,M,35,6,20650
2444,M,50,7,20016
2445,M,25,15,98103
2446,M,35,17,78749
2447,M,35,7,80910
2448,M,25,15,98102
2449,M,25,17,53406
2450,F,25,3,90020
2451,M,35,3,20122
2452,M,45,17,32837
2453,M,25,12,36115
2454,M,25,17,90804
2455,M,25,20,44313
2456,M,45,20,98027
2457,M,56,7,93711
2458,M,25,17,32308
2459,M,18,1,06279
2460,M,25,1,48105
2461,M,50,2,87020
2462,M,25,20,92101
2463,F,25,1,22307
2464,M,18,4,60630
2465,F,18,6,84780
2466,F,25,7,43214
2467,M,25,1,68516
2468,M,18,2,02322
2469,M,25,7,40515
2470,F,50,8,84770
2471,M,25,17,28804
2472,F,25,14,10033
2473,M,50,14,02651
2474,F,25,0,02176
2475,M,45,18,26101
2476,F,35,16,92054
2477,F,1,10,32043
2478,M,18,4,73071
2479,M,25,12,94065
2480,M,35,0,33884
2481,M,25,7,12801
2482,M,25,15,70809-2612
2483,M,35,0,14086
2484,M,18,3,92278
2485,M,25,12,60657
2486,M,50,16,60302
2487,M,25,14,92614
2488,M,25,14,30340
2489,M,25,17,20886
2490,F,35,20,93449
2491,M,18,14,08822
2492,F,45,9,63119
2493,M,25,0,89145
2494,M,45,17,44129
2495,M,18,4,12604
2496,M,25,17,10025
2497,M,25,0,94558
2498,M,50,20,29630
2499,F,1,10,95864
2500,M,45,14,63130
2501,M,35,3,45215
2502,M,18,12,73112
2503,M,18,17,63544
2504,M,25,17,95050
2505,M,18,4,64468
2506,M,25,1,14613
2507,F,45,2,94558
2508,M,25,7,92103
2509,M,25,0,66605
2510,M,25,0,11235
2511,M,45,1,33705
2512,M,35,16,22124
2513,M,25,3,83687
2514,M,25,7,54942
2515,M,18,2,44515
2516,M,56,14,55337
2517,M,50,16,78411
2518,M,18,4,78759
2519,M,25,12,92728
2520,M,35,7,95008
2521,M,18,4,80513
2522,M,45,17,02067
2523,M,45,6,66203
2524,M,18,4,33143
2525,F,56,16,90039
2526,M,25,20,91505
2527,M,25,6,79401
2528,M,35,16,02139
2529,F,35,0,20723
2530,M,35,0,60914
2531,M,56,17,92069
2532,M,45,11,01772
2533,M,25,17,02135
2534,F,25,14,55343
2535,M,18,14,85282
2536,M,25,5,46239
2537,M,25,0,02542
2538,M,1,10,48445
2539,M,25,17,361069
2540,M,50,17,54409
2541,F,18,14,22201
2542,M,25,0,10021
2543,M,18,17,19104
2544,M,25,20,91505
2545,M,18,0,92037
2546,M,25,4,19104
2547,M,18,17,40207
2548,M,35,4,84123
2549,F,35,3,71111
2550,M,25,4,02134
2551,F,35,9,60618
2552,M,25,18,30189
2553,M,45,0,73702
2554,M,35,17,63126
2555,M,25,14,95820
2556,M,18,4,53211
2557,M,35,2,92115
2558,M,50,12,90254
2559,M,25,12,77042
2560,M,25,2,94404
2561,F,25,16,67846
2562,M,25,0,55812
2563,M,25,5,80227
2564,M,56,3,52240
2565,M,25,5,92117
2566,M,25,7,49221
2567,F,35,6,48073
2568,M,25,0,44512
2569,M,35,18,72118
2570,F,35,12,01464
2571,M,56,2,92020
2572,M,25,2,92711-0571
2573,M,45,7,91405
2574,M,35,20,32708
2575,M,45,17,40031
2576,M,18,4,49855
2577,F,35,7,98074
2578,F,35,16,80401
2579,F,45,1,96778
2580,F,25,12,22207
2581,M,25,0,90019
2582,F,45,12,61554
2583,M,45,0,44266
2584,M,25,4,60056
2585,F,18,4,60014
2586,F,45,1,12449
2587,M,25,12,55117
2588,M,18,4,32601
2589,M,35,0,12831
2590,M,25,0,94930-2010
2591,M,35,11,40242
2592,M,45,7,46112
2593,F,45,1,03768
2594,F,35,14,55014
2595,M,25,1,45230
2596,F,56,0,98115
2597,M,50,20,30030
2598,M,56,16,66502
2599,M,18,11,65202
2600,M,25,0,30096
2601,F,18,2,13603
2602,M,25,2,02903
2603,M,56,7,12345
2604,F,25,2,02903
2605,F,18,4,80228
2606,F,25,6,23229
2607,M,25,7,60614
2608,M,35,0,30741
2609,F,25,5,43229
2610,F,25,0,44107
2611,M,35,14,22180
2612,M,35,13,78252
2613,F,50,9,59072
2614,M,25,4,66762
2615,F,45,0,97701
2616,M,56,13,95929
2617,M,25,0,30606
2618,M,25,7,75089
2619,M,45,16,01880
2620,M,25,7,33324
2621,F,18,4,01742
2622,F,25,14,60647
2623,M,50,12,30030
2624,M,25,16,17350
2625,M,25,7,33309
2626,M,25,4,32653
2627,M,25,0,22015
2628,M,50,7,43081
2629,M,35,17,22810
2630,M,18,14,32825
2631,M,35,17,45255
2632,M,45,0,74354
2633,M,35,17,30701
2634,M,35,7,08876
2635,F,25,1,01860
2636,M,45,16,20880
2637,M,56,13,46143
2638,M,50,0,21050
2639,M,35,7,12110
2640,M,1,7,48038
2641,M,35,12,88005
2642,M,18,1,92802
2643,M,18,7,44039
2644,M,25,14,94533
2645,M,25,17,85210
2646,M,18,4,49503-1313
2647,M,25,1,77803
2648,M,25,0,48316-5601
2649,F,45,3,75605
2650,M,50,0,33901
2651,M,25,14,17972
2652,F,45,20,75214
2653,M,35,17,54601
2654,M,25,6,77034
2655,M,50,20,95236
2656,M,35,14,53403
2657,F,35,9,32404
2658,M,25,5,45011
2659,F,56,6,77018
2660,M,25,7,68164
2661,F,25,7,12533
2662,M,25,4,02140
2663,F,56,3,21114
2664,M,35,7,89128
2665,M,25,0,42445
2666,M,25,12,56301
2667,M,25,6,43551
2668,M,25,0,21113
2669,M,18,4,45251
2670,M,25,1,46530
2671,M,50,16,80206
2672,M,50,6,11510-2001
2673,M,25,16,97401
2674,M,25,20,75006
2675,M,18,3,48005
2676,M,35,15,94002
2677,F,25,15,94002
2678,F,35,3,95826
2679,M,56,13,40511
2680,M,45,17,53545
2681,M,18,4,30606
2682,F,35,1,89431
2683,M,45,11,33133
2684,M,35,6,60061
2685,M,18,14,01604
2686,M,25,2,43551
2687,M,25,18,36264
2688,M,35,3,68122
2689,M,50,0,98826
2690,M,1,10,28270
2691,M,35,6,18249
2692,M,25,6,73118
2693,M,25,14,80232
2694,M,25,18,55412
2695,M,50,6,32726
2696,M,25,7,60559
2697,F,35,1,29070
2698,M,45,0,20851
2699,F,45,5,48341
2700,M,25,0,19010
2701,M,45,20,91607
2702,M,56,3,89185
2703,M,35,15,19406
2704,M,25,15,93107
2705,M,25,17,33823
2706,M,50,6,93111
2707,M,25,6,70003
2708,M,35,6,78746
2709,M,25,16,47901
2710,M,25,17,55344
2711,F,35,2,22030
2712,M,25,15,28226
2713,M,35,17,26505
2714,M,35,1,48912
2715,M,18,12,19403
2716,M,25,20,79912
2717,M,56,14,92630
2718,M,56,13,14215
2719,F,25,6,79416
2720,F,1,10,55391
2721,M,1,4,63376
2722,M,25,3,77057
2723,M,25,7,79416
2724,M,56,6,77379
2725,M,25,17,55410
2726,F,25,0,19063
2727,M,25,4,70806
2728,M,25,17,49017
2729,M,25,0,10013
2730,M,25,15,60004
2731,M,25,7,63366
2732,M,35,7,53150
2733,M,35,17,94954
2734,M,56,6,77096
2735,M,18,4,23233
2736,M,1,10,48655
2737,M,18,16,11211
2738,M,18,16,42141
2739,M,50,7,34243
2740,M,25,16,95437
2741,F,25,0,23221
2742,M,35,17,77536
2743,M,35,3,97202
2744,F,45,7,41722
2745,M,25,15,32603
2746,M,45,18,47129
2747,M,35,17,58503
2748,M,35,14,48187
2749,M,25,15,99353
2750,M,35,7,07040
2751,M,18,4,43551
2752,M,25,3,91221
2753,M,50,1,39401
2754,M,25,16,71118
2755,M,45,7,08876
2756,M,18,19,82070
2757,F,25,4,46807
2758,M,25,18,62330-1408
2759,M,35,2,13676
2760,M,25,17,53188
2761,M,50,17,16803
2762,M,35,6,60025
2763,M,56,11,12144
2764,M,35,6,48439
2765,M,45,7,97720
2766,M,25,17,80112
2767,M,45,4,77009
2768,F,45,12,85283
2769,M,1,10,46321
2770,M,50,16,60056
2771,M,25,7,91941
2772,M,25,7,91423
2773,M,56,14,40207
2774,M,25,0,32112
2775,M,35,17,95014
2776,M,56,7,01040
2777,F,25,5,60441
2778,M,18,4,02451
2779,F,50,1,78681
2780,M,35,17,44301
2781,F,50,7,02889
2782,F,35,7,55021
2783,M,35,1,32792
2784,M,25,0,29672
2785,M,45,20,43201
2786,M,25,14,74114
2787,M,50,17,16801
2788,M,25,1,29440
2789,M,50,17,85712
2790,M,56,20,95123
2791,M,50,18,97321
2792,F,1,10,90039
2793,F,50,9,01450
2794,M,35,20,10027
2795,M,45,0,90404
2796,F,25,14,23221
2797,M,56,7,08901
2798,M,35,1,50677
2799,F,25,14,94114
2800,F,25,7,75240
2801,M,25,20,22032
2802,F,45,6,37766
2803,M,50,0,66048
2804,M,45,7,53713
2805,M,56,16,79705
2806,M,35,7,19901
2807,F,18,11,29063
2808,F,35,3,20110
2809,M,35,0,66204
2810,M,45,7,19008
2811,M,35,17,90680
2812,F,50,16,08033
2813,F,35,20,94949
2814,M,56,13,13502
2815,F,25,7,33177
2816,M,25,18,80903
2817,M,25,1,91730
2818,M,50,7,32114
2819,M,25,14,90274
2820,M,25,7,33308
2821,F,56,20,63026
2822,M,50,7,74137
2823,M,35,14,91364
2824,M,45,17,89108
2825,F,45,15,55446
2826,M,35,17,77521
2827,M,56,13,93907
2828,M,18,4,60637
2829,F,56,13,95050
2830,M,35,14,14221
2831,F,45,1,18042
2832,M,18,4,80631
2833,F,25,9,32712
2834,M,45,7,10543
2835,F,25,0,65550
2836,M,25,7,21234
2837,M,25,18,58270
2838,M,35,7,06905
2839,F,25,15,87801
2840,F,35,1,22947
2841,M,35,1,90731
2842,F,35,0,90403
2843,M,56,0,37363
2844,M,25,17,85710
2845,M,45,5,77662
2846,M,56,18,56716
2847,M,35,7,63125
2848,F,25,0,20121
2849,M,25,7,77006
2850,M,25,17,01752
2851,M,18,4,18042
2852,M,50,17,23233
2853,M,35,17,95125
2854,M,35,0,97225
2855,M,35,4,53818
2856,F,45,17,55976
2857,F,35,17,60148
2858,F,45,1,48198
2859,F,25,3,48197
2860,F,35,6,76021
2861,M,25,19,11414-2520
2862,M,50,18,20706
2863,M,35,17,94010
2864,M,56,13,34235
2865,F,50,18,20706
2866,F,35,20,75287
2867,M,35,4,37917
2868,F,45,3,48130
2869,M,50,2,90029
2870,F,25,3,07960
2871,M,25,14,77450
2872,M,35,16,44691
2873,M,50,7,52402
2874,M,35,17,55330
2875,M,35,7,11767
2876,M,50,7,78704
2877,M,56,7,32137
2878,M,35,17,48146
2879,M,50,12,44286
2880,F,35,7,48034
2881,M,25,4,82601
2882,M,25,4,26508
2883,F,18,17,65203
2884,F,50,0,33313
2885,M,45,7,60139
2886,F,35,3,28262
2887,M,45,11,03301
2888,M,25,17,38654
2889,M,50,12,13041
2890,F,1,2,78945
2891,M,50,16,38122
2892,M,25,17,19711
2893,M,35,17,45380
2894,M,25,16,59079
2895,F,35,6,07950
2896,F,35,6,06512
2897,M,25,7,40205
2898,M,45,1,60102
2899,M,25,12,03060
2900,M,56,13,78681
2901,M,35,7,02171
2902,F,45,20,04046
2903,M,35,18,27603
2904,M,45,7,13211
2905,M,35,7,83405
2906,M,45,17,37923
2907,M,45,13,30030
2908,F,45,1,04258
2909,F,45,16,14468
2910,F,45,0,96821
2911,M,35,16,98133
2912,F,45,7,09094
2913,M,25,16,43215
2914,M,35,17,27587
2915,M,56,13,92120
2916,M,35,0,15801
2917,F,25,9,98632
2918,M,50,7,40601
2919,M,35,0,62704
2920,M,35,17,11554
2921,M,25,7,35244
2922,F,25,9,46580
2923,M,35,14,32068
2924,M,25,17,98661
2925,M,35,14,98125
2926,M,25,0,98178
2927,F,45,9,55391
2928,M,1,10,75633
2929,M,18,18,90605
2930,M,56,6,33030
2931,M,45,15,55391
2932,F,18,14,85705
2933,F,25,2,43617
2934,F,18,4,98125
2935,M,35,11,38135
2936,M,50,1,45385
2937,M,25,2,91910
2938,M,18,0,46250
2939,F,45,17,27616
2940,M,45,7,67301
2941,M,25,0,94122
2942,M,25,0,33702
2943,M,25,0,36301
2944,M,25,4,57006
2945,M,50,13,68502
2946,M,25,18,78757
2947,F,25,7,07067
2948,M,25,17,79925
2949,M,18,4,44266
2950,M,25,6,75080
2951,F,35,14,60202
2952,M,25,5,02891
2953,M,35,7,44125
2954,M,25,5,89114
2955,M,45,7,80525
2956,F,50,6,75605
2957,M,18,4,82072
2958,M,25,5,60010
2959,M,25,0,30082
2960,F,45,13,94931
2961,M,35,17,37221
2962,M,50,3,75650
2963,F,25,14,78232
2964,F,45,6,85719
2965,M,35,6,45011
2966,F,25,3,60606
2967,M,50,2,33134
2968,M,25,1,70458
2969,M,35,0,74011
2970,F,25,0,40241
2971,M,18,20,76135
2972,F,18,5,46222
2973,M,25,2,78748
2974,F,25,17,76021
2975,M,35,17,33433
2976,M,25,0,66614
2977,M,25,12,75007
2978,M,25,1,44240
2979,F,25,14,44304
2980,M,18,17,45701
2981,F,18,20,77304
2982,M,45,0,30189
2983,M,18,2,95843
2984,M,18,2,29118
2985,M,25,12,37919
2986,M,18,4,11010
2987,M,25,7,11215
2988,M,35,14,78611
2989,M,50,14,08028
2990,M,35,16,85730
2991,F,35,9,83616
2992,M,35,17,04457
2993,M,18,4,33168
2994,F,25,9,98001
2995,M,35,15,83616
2996,M,25,17,85016
2997,M,35,14,91602
2998,M,25,18,98001
2999,F,50,16,46350
3000,M,18,15,02215
3001,M,35,0,52057
3002,M,18,17,22043
3003,M,50,7,30306
3004,M,25,16,07701
3005,F,18,4,63109
3006,M,35,17,75010
3007,M,50,12,32920
3008,M,18,4,43201
3009,F,25,5,40241
3010,F,25,5,27203
3011,M,25,0,32444
3012,M,18,17,06040
3013,M,25,4,27278
3014,F,25,1,37153
3015,M,25,4,65804
3016,M,25,18,14620
3017,F,18,4,93940
3018,M,25,0,43623
3019,M,25,4,93940
3020,M,25,5,74055
3021,F,18,4,63109
3022,M,45,3,75074
3023,M,25,4,48072
3024,M,25,0,11201
3025,F,18,4,43402
3026,M,18,4,43402
3027,M,18,4,43402
3028,M,25,4,43402
3029,M,50,6,43402
3030,M,18,1,44221
3031,M,18,4,43402
3032,F,18,4,43612
3033,F,18,4,43403
3034,F,18,4,43402
3035,M,18,4,10027
3036,F,18,14,43614
3037,M,25,15,90066
3038,M,25,1,57106
3039,M,25,14,98103
3040,M,25,16,80013
3041,M,18,4,02143
3042,F,45,2,19033
3043,M,25,14,65023
3044,M,18,19,40475
3045,M,18,4,92122
3046,M,18,4,16802
3047,M,1,13,37130
3048,M,25,4,40504
3049,M,18,0,02215
3050,M,18,4,02134
3051,M,25,15,02135
3052,F,50,0,02139
3053,F,45,12,15801
3054,M,25,15,92557
3055,M,45,0,90024
3056,M,25,5,10463
3057,M,18,4,52241
3058,M,25,7,94109
3059,M,35,7,98607
3060,M,45,17,93401
3061,M,18,0,51104
3062,M,25,14,46940
3063,M,25,5,85705
3064,F,25,0,94403
3065,M,1,14,80401
3066,M,25,12,21045
3067,M,25,0,43081
3068,F,35,7,60201
3069,M,25,7,76904
3070,M,25,12,19067
3071,F,35,5,47129
3072,M,50,0,11947
3073,M,35,6,37664
3074,M,35,1,81005
3075,M,18,4,98105
3076,M,50,15,94303
3077,M,56,2,91321
3078,F,25,12,80126
3079,M,25,3,19806
3080,M,18,18,60435
3081,M,45,5,32953
3082,M,25,14,06880
3083,M,25,12,27513
3084,M,25,15,60611
3085,M,25,14,30101
3086,F,25,7,78666
3087,M,35,0,95667
3088,M,25,20,111225
3089,M,35,7,27511
3090,F,35,2,49770
3091,M,35,14,95492
3092,F,25,4,15701-2017
3093,M,25,1,28027
3094,M,25,14,70005
3095,M,25,20,81101
3096,F,25,0,60156
3097,M,50,7,07405
3098,F,50,1,62052
3099,M,18,4,02148
3100,M,35,11,10022
3101,F,50,6,15333
3102,F,35,7,75601
3103,F,45,12,92037
3104,M,35,12,15089
3105,M,25,6,94108
3106,F,45,16,14424
3107,M,35,1,94121
3108,M,35,7,28805
3109,M,18,4,10020
3110,M,45,1,50588
3111,M,25,7,98908
3112,M,1,12,02138
3113,M,50,13,33015
3114,M,25,0,94403
3115,M,25,18,26104
3116,F,35,1,94044
3117,F,25,6,72703
3118,F,25,17,94613
3119,M,25,4,64112
3120,M,35,8,98674
3121,M,25,7,01850
3122,M,35,7,72703
3123,M,18,4,78613
3124,M,35,5,70123
3125,M,18,4,52405
3126,M,56,13,45322-3132
3127,F,1,10,10025
3128,M,45,0,33460
3129,M,18,4,22906
3130,M,45,2,06513
3131,M,50,0,29678
3132,M,50,7,76054
3133,M,25,6,62702
3134,M,50,7,76054
3135,M,25,17,94118
3136,M,50,0,01379
3137,M,56,1,85374
3138,F,25,0,65775
3139,M,50,7,39648
3140,M,50,16,29464
3141,M,18,4,61820
3142,M,25,20,15701
3143,M,25,7,38261
3144,M,45,7,92503
3145,M,35,7,62234
3146,M,25,1,16508
3147,M,56,0,61704
3148,M,18,3,48604
3149,M,56,13,29449
3150,M,18,4,53142
3151,F,18,1,48067
3152,M,25,0,80903
3153,M,50,7,38135
3154,M,25,4,45810
3155,M,35,12,15202
3156,M,45,1,81004
3157,M,18,2,55304
3158,M,25,2,55113
3159,M,25,14,10021
3160,M,25,20,10012
3161,M,18,0,38111
3162,M,25,14,27605
3163,M,35,6,84102
3164,F,35,1,92103
3165,M,18,4,85701
3166,M,25,7,10025
3167,M,25,12,53045
3168,M,18,4,72202
3169,M,18,19,17517
3170,M,18,12,53715
3171,F,45,1,01379
3172,M,25,12,0956456
3173,M,35,19,01054
3174,F,25,14,94301
3175,M,1,10,55427
3176,M,35,0,94610
3177,M,25,2,11105
3178,M,56,1,53705
3179,M,25,16,47274
3180,M,25,7,49686
3181,M,18,12,02115
3182,M,18,2,27514
3183,F,1,10,99016
3184,M,18,16,24541
3185,M,18,12,60622
3186,M,25,0,22306
3187,F,35,16,48237
3188,F,25,9,48306
3189,F,18,9,73008
3190,M,45,16,55011
3191,M,25,14,02134
3192,M,35,14,48217
3193,M,25,7,05346
3194,M,25,0,69301
3195,F,25,9,84037
3196,M,35,10,94133
3197,F,25,6,22903
3198,M,35,12,19107
3199,M,35,14,94085
3200,M,35,17,19473
3201,M,18,4,98105
3202,F,25,4,90034
3203,M,25,0,21532
3204,M,45,17,60185
3205,M,35,7,21013
3206,F,1,10,17036
3207,M,50,16,11963
3208,M,25,4,60614
3209,F,1,10,03608
3210,F,25,7,48237
3211,M,35,7,48306
3212,M,25,0,02134
3213,F,18,4,63332
3214,F,56,13,97113
3215,M,25,1,19103
3216,F,25,0,55408
3217,M,50,1,48371
3218,F,45,0,11372
3219,M,35,7,30324
3220,M,25,4,01604
3221,M,35,14,07920
3222,F,25,4,48042
3223,M,25,17,02139
3224,F,18,20,55104
3225,M,25,15,02143
3226,M,18,4,66044
3227,F,45,1,43202
3228,M,35,16,55303
3229,M,25,18,97034
3230,F,18,4,94611
3231,F,25,4,22207
3232,F,35,3,48237
3233,F,35,0,04287
3234,M,25,0,46240
3235,M,35,14,55415
3236,M,35,7,10021
3237,F,35,2,33619
3238,M,25,15,10461
3239,M,25,15,92656
3240,F,1,10,90291
3241,M,25,0,27403
3242,F,25,0,02144
3243,F,25,4,53951
3244,F,25,4,53951
3245,F,18,4,78705
3246,F,18,4,94702
3247,M,25,12,41042
3248,F,45,1,10469
3249,M,25,17,61615
3250,M,25,20,11717
3251,F,25,6,55433
3252,M,25,14,97202
3253,F,25,1,97225
3254,F,18,17,94606
3255,M,25,4,94305
3256,M,25,12,55433
3257,M,25,16,22207
3258,M,25,12,84062
3259,M,25,7,92691
3260,M,25,14,97219
3261,M,56,1,45224
3262,F,56,6,23225
3263,F,18,4,94309
3264,F,25,4,94610
3265,M,18,4,94111
3266,M,25,0,98040
3267,M,1,0,48302
3268,M,50,20,98119
3269,M,18,4,94703
3270,M,18,2,10010
3271,F,35,9,48302
3272,M,25,4,55417
3273,M,35,11,20895
3274,M,25,4,55417
3275,M,25,7,20016
3276,M,25,0,44691
3277,M,25,0,98115
3278,M,50,1,19481
3279,F,50,6,48094
3280,F,25,6,90405
3281,M,35,20,80222
3282,M,18,4,73071
3283,M,56,13,10025
3284,M,25,7,30041
3285,F,45,0,10036
3286,F,25,7,94115
3287,M,35,12,95051
3288,M,35,20,94574
3289,F,25,1,92037
3290,M,25,17,94041
3291,M,45,14,55416
3292,M,25,4,99163
3293,F,25,14,37076
3294,F,18,4,06074
3295,M,45,15,85255
3296,F,18,4,84109
3297,M,25,4,92037
3298,F,45,7,77006
3299,M,35,2,03431
3300,M,35,1,53704
3301,M,25,14,94117
3302,M,35,14,74012
3303,M,35,7,19004
3304,M,35,5,91343
3305,M,25,12,94043
3306,M,56,13,94306
3307,M,35,16,94705
3308,F,35,7,08318
3309,F,18,4,27514
3310,M,45,14,46038
3311,M,50,6,05055
3312,M,35,2,90292
3313,M,56,13,76051
3314,M,35,0,04473
3315,F,35,15,06119
3316,M,25,7,05346
3317,M,25,0,22101
3318,F,25,0,04473
3319,M,35,1,55454
3320,M,18,1,50201
3321,M,35,14,01746
3322,M,25,9,44310
3323,M,18,12,02215
3324,F,1,10,79605
3325,F,45,17,55419
3326,F,25,7,78703
3327,M,18,1,60626
3328,M,56,7,40505
3329,M,18,18,56002
3330,M,18,12,10027
3331,M,18,10,79605
3332,F,25,6,55417
3333,F,18,0,91765
3334,F,18,4,48109
3335,M,45,17,18036
3336,M,25,11,13031
3337,M,25,7,02035
3338,M,18,20,02601
3339,F,18,0,75115
3340,M,25,14,68502
3341,M,1,0,92804
3342,M,25,0,60647
3343,M,45,0,06804
3344,F,35,16,24450
3345,M,25,17,32250
3346,M,35,17,03824
3347,M,25,17,90245
3348,M,50,1,55405
3349,M,25,2,97205
3350,F,25,16,02465
3351,M,45,17,48310
3352,M,35,7,03885
3353,F,35,9,02816
3354,M,25,2,90035
3355,M,35,11,95405
3356,M,35,12,55122
3357,M,35,7,90014-1718
3358,F,56,6,01852
3359,M,35,5,96707-1321
3360,F,35,16,95828
3361,F,56,0,98801
3362,M,25,19,31401
3363,M,50,16,55347
3364,M,50,11,04102
3365,M,25,17,98033
3366,M,25,14,24450
3367,M,18,18,52301
3368,M,50,1,93105
3369,M,45,3,50312
3370,M,18,20,91505
3371,M,35,16,19003
3372,M,56,1,23608
3373,M,25,3,32580
3374,F,25,3,38134
3375,M,35,7,15203
3376,M,25,3,94118
3377,M,56,13,63122
3378,M,50,15,12740
3379,F,18,4,06268
3380,M,50,1,19087-3622
3381,M,18,4,26201
3382,M,45,16,60302
3383,M,45,0,23462
3384,F,25,0,91107
3385,M,50,15,02474
3386,F,18,4,94121
3387,M,56,1,03825
3388,F,18,0,91107
3389,F,56,7,93060
3390,M,56,16,55901
3391,M,35,17,23451
3392,F,56,13,03261
3393,F,50,0,04259
3394,M,35,17,06110
3395,M,18,15,21042
3396,F,25,14,94110
3397,M,56,11,04259
3398,M,1,10,03608
3399,F,35,16,03301
3400,M,35,16,10014
3401,F,35,9,03769
3402,M,25,4,22030
3403,M,25,1,02571
3404,F,35,7,10012
3405,F,25,4,04101
3406,M,56,17,03801
3407,M,45,1,22314
3408,M,45,14,07458
3409,M,25,17,23462
3410,F,25,3,46227
3411,M,25,2,46142
3412,M,25,0,46227
3413,M,45,3,04011
3414,M,25,12,94114
3415,F,50,6,04086
3416,M,45,1,78212
3417,M,25,0,60618
3418,F,35,6,48105
3419,F,25,14,55104
3420,M,45,6,22630
3421,M,1,11,94610
3422,M,35,7,85331
3423,M,35,2,55104
3424,F,25,2,94133
3425,M,18,4,55116
3426,F,50,7,94123
3427,F,25,6,48108
3428,F,35,0,46142
3429,M,45,16,10962
3430,M,35,7,98103
3431,F,35,17,84067
3432,M,25,1,19335
3433,F,18,4,02809
3434,M,18,4,80521
3435,M,25,4,30349
3436,M,56,1,40601
3437,F,25,16,45750
3438,F,35,1,44107
3439,M,35,1,45750
3440,M,25,17,90031
3441,M,1,2,04101
3442,M,35,0,96707-1321
3443,F,50,4,20902
3444,M,18,12,80526
3445,M,35,1,01773
3446,M,18,14,25301
3447,F,35,9,46077
3448,M,18,14,80526
3449,F,50,18,04849
3450,F,45,6,04240
3451,M,25,1,20912
3452,F,25,17,91007
3453,M,35,18,17350
3454,M,50,11,04210
3455,M,18,19,75080
3456,F,35,0,01545
3457,M,18,4,46219
3458,M,25,7,55411
3459,M,25,17,94602
3460,M,45,12,55436
3461,M,35,0,13045
3462,F,18,20,60194
3463,M,25,0,20008
3464,M,1,10,55317
3465,F,25,1,04210
3466,M,25,14,17857
3467,M,35,16,81321
3468,F,45,9,03862
3469,M,25,20,14450
3470,F,45,16,04074
3471,M,25,5,46254
3472,M,45,1,48309
3473,F,50,6,95014
3474,F,45,6,63135
3475,M,25,12,94114
3476,F,35,1,23062
3477,M,56,1,04032
3478,M,45,7,03840
3479,F,25,1,55413
3480,F,25,2,90066
3481,M,25,12,94131
3482,F,35,6,54971
3483,F,18,4,44515
3484,F,45,3,44555
3485,M,18,17,44406
3486,M,35,0,42025
3487,M,25,7,55346
3488,F,50,13,03851
3489,M,25,12,90034
3490,M,25,7,94110
3491,M,25,14,23434
3492,M,25,1,04086
3493,F,18,14,50401
3494,M,25,2,60640
3495,M,25,4,04309
3496,M,25,0,94086
3497,F,25,9,84037
3498,M,18,20,63132
3499,F,35,14,02130
3500,M,56,12,04085
3501,M,25,16,04101
3502,M,35,17,03820
3503,F,45,6,04578
3504,F,35,3,04108
3505,M,18,12,04096
3506,M,45,1,03909
3507,M,56,11,13760
3508,F,25,4,70808
3509,M,35,0,97403
3510,F,35,17,98201
3511,M,25,4,94703
3512,M,50,4,94070
3513,M,25,3,60626
3514,F,45,9,95030
3515,M,45,16,55406
3516,M,45,11,03301
3517,F,1,10,02906
3518,M,35,14,90266
3519,M,56,1,23513
3520,F,35,17,92509
3521,M,18,2,19072
3522,F,56,0,08055
3523,M,18,4,63108
3524,F,25,1,79928
3525,M,35,17,94132
3526,M,25,12,55405
3527,M,25,17,48092
3528,M,35,7,14607
3529,F,25,3,52001
3530,M,35,6,84103
3531,M,35,16,16844
3532,M,25,1,27713
3533,M,25,12,94402
3534,M,25,20,33626
3535,M,25,7,11228
3536,M,35,14,84057
3537,M,35,12,95952
3538,M,50,15,63121
3539,F,45,1,60417
3540,M,50,17,49506
3541,F,50,7,55082
3542,M,35,15,85282
3543,F,35,12,94014
3544,M,18,12,84041
3545,F,25,0,55421
3546,F,50,20,98115
3547,F,25,1,970025
3548,F,25,1,02453
3549,M,25,12,91423
3550,M,18,20,85054
3551,M,45,0,27312
3552,F,18,12,84107
3553,M,18,0,84058
3554,M,35,1,02144
3555,F,25,15,92507
3556,M,18,17,98121
3557,M,45,18,99826
3558,F,35,0,99801
3559,F,35,6,55401
3560,M,1,10,55616
3561,M,45,0,97520
3562,F,25,3,92103
3563,M,45,1,63105
3564,M,50,17,63033
3565,M,50,17,90031
3566,M,25,7,63303
3567,M,25,15,94040
3568,F,25,0,55108
3569,M,35,17,62958
3570,F,18,4,63144
3571,M,35,0,02108
3572,F,18,4,55406
3573,M,25,7,63105
3574,F,50,11,94102
3575,M,56,20,44281
3576,M,45,12,40515
3577,F,50,0,55401
3578,M,50,17,14568
3579,M,50,0,62234
3580,F,35,1,91106
3581,M,35,17,90035
3582,M,45,2,94618
3583,M,18,4,55104
3584,M,25,16,55421
3585,F,35,17,90291
3586,F,25,14,48067
3587,M,35,12,55082
3588,M,45,0,92679
3589,M,56,13,55804
3590,M,35,15,77007
3591,M,25,2,48197
3592,M,18,7,55403
3593,M,25,17,23454
3594,M,56,1,55116
3595,M,25,7,46220
3596,M,25,6,55439
3597,M,45,17,94931
3598,M,35,0,94110
3599,M,1,10,63123-1507
3600,M,50,14,55407
3601,M,18,4,94708
3602,F,50,20,95404
3603,M,18,19,94111
3604,F,25,12,94526
3605,M,35,7,94086
3606,M,35,0,95118
3607,F,56,2,949702
3608,M,35,20,94131
3609,M,35,0,90065
3610,M,25,11,65775
3611,M,25,4,92507
3612,M,35,14,68108
3613,M,35,2,55423
3614,M,25,1,55403
3615,M,50,1,55406
3616,M,25,12,63043
3617,F,45,16,55116
3618,M,35,0,55405
3619,M,35,0,29063
3620,M,18,12,55401
3621,F,56,8,90210
3622,M,25,17,55105
3623,M,25,0,55121
3624,F,25,4,55407
3625,F,56,14,91791
3626,F,25,2,55106
3627,M,45,17,54022
3628,M,45,17,56001
3629,M,50,20,55419
3630,M,35,7,94550
3631,M,1,10,90210
3632,F,18,4,48433
3633,F,56,13,92407
3634,M,25,4,46254
3635,F,25,2,63119
3636,M,25,17,90505
3637,M,35,12,49508
3638,F,56,1,90402
3639,M,45,16,92807
3640,M,35,3,48827
3641,F,18,4,91030
3642,M,25,20,60615
3643,F,45,16,65441
3644,M,45,15,63119
3645,M,18,4,64154
3646,M,50,15,48103
3647,M,18,4,26241
3648,M,45,0,92626
3649,M,35,6,92672
3650,F,35,1,89447
3651,M,35,12,91104
3652,F,56,12,90290
3653,M,25,7,10025
3654,F,56,13,90241
3655,M,50,6,90504
3656,M,35,7,91001
3657,M,35,20,91505
3658,F,45,1,14618
3659,M,25,20,60615
3660,M,25,17,92584
3661,F,25,14,05345
3662,M,25,12,92404
3663,M,25,4,70115
3664,M,18,1,70006
3665,F,25,4,89431
3666,M,18,17,02139
3667,F,56,13,60506
3668,F,25,15,62901
3669,F,25,17,19810
3670,M,35,7,14850
3671,M,35,12,11375
3672,M,25,20,10010
3673,F,35,4,97068
3674,M,45,12,44312
3675,F,45,6,60031
3676,F,18,2,55408
3677,F,18,6,92145
3678,F,35,6,23507
3679,M,35,0,43081
3680,M,25,16,60614
3681,M,45,6,23452
3682,F,35,7,30350
3683,M,25,12,60613
3684,F,18,4,11024
3685,F,50,7,11771
3686,M,35,16,02536
3687,M,25,4,84111
3688,M,35,2,20818
3689,F,35,16,97330
3690,M,45,1,16673
3691,M,50,7,84093
3692,M,56,17,84121
3693,M,45,16,22652
3694,M,45,17,84109-2001
3695,F,18,19,05070
3696,M,50,16,65401
3697,F,1,10,22801
3698,M,18,4,43215
3699,M,25,14,28715
3700,F,25,1,23603
3701,M,56,13,97520
3702,M,35,7,19004
3703,F,56,0,95062
3704,M,25,2,55344
3705,F,25,7,75093
3706,M,45,17,97330
3707,M,56,2,93950
3708,M,1,0,20132
3709,M,50,6,97470
3710,M,25,3,19147
3711,M,25,2,20037
3712,M,45,7,19067
3713,M,25,4,70003
3714,F,50,12,95472
3715,F,18,4,19102
3716,M,35,1,23185
3717,M,25,4,16803
3718,M,18,4,10013
3719,M,56,17,75225
3720,M,25,1,23462
3721,F,25,6,19102
3722,M,25,17,38111
3723,F,35,16,77027
3724,F,35,19,75069
3725,M,25,17,19810
3726,M,56,14,18954
3727,M,50,7,19047
3728,M,18,10,67206
3729,F,35,1,23508
3730,M,25,11,75206
3731,M,56,16,19131
3732,M,50,7,19380
3733,M,18,0,02780
3734,M,50,6,193122042
3735,M,25,0,90069
3736,M,25,12,90240
3737,F,35,16,78222
3738,M,35,20,19108
3739,M,50,7,18977
3740,F,35,1,19348
3741,F,45,0,08081
3742,F,25,9,93940
3743,F,45,6,19802
3744,M,35,15,78250
3745,M,35,2,78006
3746,M,35,13,89128
3747,M,25,0,55408
3748,F,1,10,22932
3749,M,56,12,02143
3750,M,35,6,95521
3751,F,25,0,70118
3752,M,1,10,95123
3753,F,25,0,10011
3754,M,50,7,80302
3755,M,25,7,91608
3756,M,25,0,20009
3757,M,50,12,34761
3758,M,35,2,20818
3759,M,45,0,10016
3760,M,25,11,02453
3761,M,45,5,98502
3762,M,50,7,94709
3763,M,45,17,40515
3764,F,50,1,33149
3765,F,25,1,77707
3766,M,35,7,77565
3767,M,18,11,10028
3768,M,25,17,95014
3769,M,35,7,64055
3770,M,25,12,91106
3771,M,18,18,65265
3772,M,25,17,35205
3773,M,50,16,12866
3774,M,25,6,35205
3775,M,18,17,55423
3776,M,25,1,92101
3777,M,18,4,44502
3778,F,50,0,66762
3779,M,35,7,77565-2332
3780,M,56,1,04240
3781,M,18,0,48314
3782,M,25,20,98101
3783,M,35,1,10012
3784,M,25,3,98034
3785,M,18,19,30662
3786,F,25,4,44406
3787,M,25,7,60046
3788,M,18,14,10024
3789,M,35,1,74012
3790,F,18,4,44509
3791,M,35,7,37027
3792,M,50,6,42420
3793,M,18,15,06114
3794,M,18,4,63141
3795,F,35,11,05602
3796,M,1,10,60423
3797,F,35,9,33445
3798,M,1,10,60423
3799,M,50,0,45420
3800,M,25,7,19003
3801,F,18,20,45202
3802,M,18,20,67212
3803,F,35,4,44485
3804,M,35,12,14619
3805,F,18,4,55118
3806,M,25,1,02908
3807,M,25,4,55455
3808,F,35,17,60618
3809,M,25,17,01060
3810,M,25,12,94501
3811,M,56,10,11361
3812,M,35,0,98122
3813,M,25,4,14607
3814,M,25,5,97213
3815,F,25,0,60657
3816,M,25,14,46268
3817,M,35,7,07043
3818,F,25,0,94104
3819,F,25,4,02138
3820,M,25,1,14608
3821,F,45,14,75006
3822,M,50,6,01545
3823,F,25,17,97330
3824,M,1,10,55305
3825,M,25,16,30269
3826,M,35,7,78705
3827,M,45,1,97405
3828,M,35,7,20191
3829,M,18,0,37211
3830,F,25,4,91740
3831,M,25,20,91740
3832,F,25,7,55122
3833,F,25,14,55418
3834,M,25,2,90210
3835,M,18,2,63138
3836,M,56,13,94114
3837,M,45,2,94102
3838,M,25,2,60626
3839,F,1,0,27245
3840,M,25,20,94111
3841,F,35,9,55410
3842,F,18,4,95602
3843,M,25,1,10463
3844,F,25,0,02138
3845,M,35,17,97330
3846,M,25,7,55408
3847,F,25,5,91773
3848,M,35,14,06880
3849,F,25,7,02332
3850,F,25,9,60201
3851,F,50,1,98177
3852,F,18,20,60123
3853,M,18,16,27705
3854,F,50,16,92026
3855,M,18,4,55344
3856,M,35,7,38018
3857,M,25,17,94538
3858,M,25,14,60045
3859,F,25,1,45056
3860,M,50,1,13224
3861,M,18,0,60451
3862,F,18,1,20003
3863,M,1,10,59801
3864,F,50,7,12866
3865,M,25,12,97330
3866,M,35,1,59801
3867,F,25,7,03862
3868,F,35,2,80012
3869,M,25,14,95821
3870,F,25,6,28412
3871,F,35,17,45014
3872,M,25,11,55426
3873,M,56,13,19119
3874,M,25,12,01915
3875,M,45,19,60626
3876,M,18,12,01702
3877,M,18,12,02143
3878,M,18,4,30305
3879,F,18,17,55449
3880,M,18,12,55405
3881,F,18,2,98102
3882,M,25,12,94618
3883,M,56,7,20003-2712
3884,M,45,12,55449
3885,F,25,6,15202
3886,M,25,15,91125
3887,M,18,7,10016
3888,M,35,12,96797
3889,M,50,17,78666
3890,M,35,15,33167
3891,M,45,1,18901
3892,F,25,6,02118
3893,M,25,14,02460
3894,F,35,2,27514
3895,M,25,16,67204
3896,F,25,20,91403
3897,M,25,17,97401
3898,M,25,15,08876
3899,M,35,14,33701
3900,M,35,7,20901
3901,M,18,4,49841
3902,F,25,9,07307
3903,M,25,4,55369
3904,M,45,7,01581
3905,M,25,4,10016
3906,M,18,0,10009
3907,F,45,0,55419
3908,M,25,20,90027
3909,M,18,4,27607
3910,F,45,0,12833-2000
3911,M,35,0,97212
3912,M,35,15,63117
3913,M,25,0,12833
3914,F,18,4,92612
3915,M,35,14,55330
3916,M,25,7,02135
3917,M,56,16,32043
3918,M,25,14,02465
3919,M,25,7,98102
3920,M,1,10,11102
3921,F,35,1,84108
3922,F,18,4,92833
3923,M,50,1,74105
3924,M,25,4,95616
3925,M,35,7,10009
3926,M,35,14,30030
3927,M,25,1,13210
3928,F,18,9,94538
3929,M,25,0,84119
3930,M,25,12,01060
3931,M,25,4,48109
3932,M,45,15,93555
3933,M,25,7,90212
3934,F,25,12,20850
3935,M,25,0,92155
3936,M,25,2,94117
3937,M,25,2,75287
3938,M,45,14,05602
3939,M,18,12,97205
3940,F,35,0,55459
3941,F,25,7,60607
3942,M,25,0,92646
3943,M,25,1,92688
3944,F,25,7,92120
3945,F,25,4,43201
3946,M,25,1,92120
3947,F,1,0,44260
3948,F,35,7,10024
3949,F,1,10,02131
3950,F,25,4,01002
3951,M,25,17,61265
3952,M,25,4,19103
3953,M,25,1,08904
3954,M,25,20,02139
3955,M,35,20,77008
3956,F,25,17,80301
3957,M,25,7,05401
3958,M,35,14,10003
3959,M,56,13,12124
3960,M,18,17,47901
3961,F,18,4,02142
3962,M,18,20,02038
3963,F,35,9,10021
3964,F,25,20,55428
3965,M,35,1,49307
3966,F,18,4,78705-5221
3967,M,25,16,10003
3968,F,25,0,87114
3969,F,25,7,10016
3970,M,45,17,30075
3971,F,25,7,94117
3972,M,50,0,43231
3973,M,45,1,37209
3974,M,25,6,11106
